session_id,visit_timestamp,customer_id,page_visited,session_duration,device_type,traffic_source,conversion
d6750db0-5f43-415b-b9af-46e904049e93,2024-10-01 03:33:25,6ded3976-e94e-4f6a-bce9-c33ec4146c2e,/gear/rentals,20.54,Mobile,Social,True
35892910-3304-4730-a0bf-977c397071c6,2024-10-01 23:23:47,8645f0ad-10b7-4d58-9c74-d07a10160de5,/about-us,36.74,Desktop,Direct,False
bd9a510f-ba4e-4511-8008-a893b4f0ed40,2024-10-01 00:30:20,30f6d80a-c6f9-47c6-a056-a6dc69439fe3,/expeditions,50.63,Mobile,Organic,False
6bfcb7cf-a66f-4812-bd22-bf640853e337,2024-10-01 01:53:00,3a7b90b3-b1bd-4da3-a5d3-dd8eeec79bc4,/gear/purchase,33.23,Mobile,Direct,True
b06a5908-d61d-41c7-8ac5-62e4f455b31c,2024-10-01 10:14:12,8917fa76-e6f4-40a5-8e39-ce9c0b4204de,/faq,54.04,Tablet,Organic,False
25850e5c-abd0-4bae-aa17-334f689ec858,2024-10-01 09:23:41,41e14292-716f-4bf3-81b1-73e402c9ca02,/expeditions/routes,10.56,Desktop,Social,True
64c18303-decb-4ca0-9c21-48b19aa65363,2024-10-01 14:51:36,a10ce122-a5b4-42c1-a332-609f6d1be94b,/gear/purchase,20.05,Mobile,Social,False
f0d10497-90ca-416c-b324-110e488c7622,2024-10-01 13:15:49,2b8dfd67-82f5-4d2c-aed1-24941257177f,/signup,14.87,Tablet,Direct,False
cf9e96a2-d4fe-4c36-8866-c34ad040a3f0,2024-10-01 01:12:11,4f2256b5-de21-4f70-b091-77a20b2140eb,/about-us,33.72,Desktop,Direct,True
4187c00c-c700-46cf-bf3a-236a5d65c28b,2024-10-01 16:42:10,f955c9ec-8d75-4b9b-8d5a-76424d0abdf1,/expeditions/routes,18.36,Mobile,Organic,True
e8530823-1602-4846-a7ed-e56f16bac0aa,2024-10-01 23:58:49,949ed85a-7c81-473b-9829-a140e4debbeb,/gear,7.51,Desktop,Social,True
6bfea105-5ddc-419d-b4dd-1ebbc0e2f12e,2024-10-01 11:29:14,9c831c6d-aaa9-4d31-adbe-f378bc5ea3a2,/expeditions/mountaineering,53.9,Desktop,Social,False
3f5cfec3-d3cf-4d2f-ba0d-bf0ba242319d,2024-10-01 02:30:37,091244f4-be8c-491c-aad1-1012023e9a43,/gear,18.67,Tablet,Organic,False
1e11c828-b7b2-48a0-b486-070ba2962a21,2024-10-01 09:04:28,427286c2-ee0f-4caf-8d1e-97e200fe0212,/expeditions,44.19,Desktop,Organic,True
767049ec-255d-4db6-886c-2ae572761d3e,2024-10-01 14:03:37,2fb2b1cc-b62f-49ee-b815-415817aeb4b1,/home,37.92,Tablet,Direct,True
7313106d-31dd-4a1c-9c58-f9edd01fa2ec,2024-10-01 12:29:35,8b9951a8-39c0-4f04-ad86-d1dcc77d5063,/blog/mountaineering-tips,36.14,Mobile,Paid,False
18967a9a-8787-4e23-b826-9cf3e8b96a0a,2024-10-01 00:45:03,6c3f09b6-8831-458f-a891-27724227275d,/expeditions/mountaineering,44.28,Tablet,Organic,True
c773fc41-4b9b-442d-a0f6-8937e44fb417,2024-10-01 04:27:44,6b7cd326-97b9-4c10-b2a2-cd277260cdfe,/expeditions,34.12,Mobile,Paid,False
ae472942-4e7b-401b-bce9-e872c38fa217,2024-10-01 22:00:01,c23176de-2dfa-497a-81f7-f9af932ced4b,/expeditions/rock-climbing,21.09,Desktop,Social,True
85550e4a-be13-4e68-8912-2ae4a2a5a7bf,2024-10-01 00:26:01,3c216d6d-1610-4e56-9851-740d1a89725f,/gear/rentals,57.94,Mobile,Organic,False
f63698b5-4d94-4042-bd34-6e9d60668f4a,2024-10-01 21:06:10,2e169582-db34-44bb-b8aa-34677f5b57dc,/faq,20.54,Desktop,Direct,False
f3f15713-2cc7-4a2b-87aa-9f958b26af76,2024-10-01 00:50:53,0e4156bd-5584-44a6-8909-8172c7378cac,/blog/mountaineering-tips,55.32,Mobile,Organic,True
bcdbc692-f2a1-4ab0-ad98-cc8899acac41,2024-10-01 22:46:31,3f9e05f6-2e9d-43d1-8df7-8810e2f6c3b7,/contact,53.83,Mobile,Organic,False
1623e8f2-33b0-4084-b2c7-315f71260535,2024-10-01 05:14:09,2952bc52-f978-4376-acb9-9886267f0025,/expeditions/mountaineering,43.75,Desktop,Organic,False
03686c1d-39e2-46a1-88ac-61fd47d9dfc3,2024-10-01 03:58:44,fc659723-96a4-43de-ba6f-75702e0efe6b,/expeditions/routes,56.24,Tablet,Organic,True
0553c862-fae9-4dc3-b1fe-0cb2dbb780a1,2024-10-01 14:54:33,1b361f84-8123-4ead-ae5e-fd4260e87741,/about-us,55.19,Tablet,Organic,True
30e00ef4-5cdd-470b-86e5-9430b1613d1a,2024-10-01 13:04:19,d4a49262-9d5d-4c16-aeda-0712b6659968,/expeditions/mountaineering,30.69,Tablet,Social,True
5ca02bf3-bbba-47eb-8bd1-fb947a8e3145,2024-10-01 18:49:43,df633375-e2a3-404e-8cc3-14c62447a9fe,/expeditions/mountaineering,14.31,Tablet,Organic,False
90504a9b-489d-4d7f-9b8c-b90175fc43b8,2024-10-01 23:09:01,38eb4dc2-d6a0-4853-8170-3553d59bc0a3,/about-us,17.18,Tablet,Organic,True
86f26f70-e5be-46a3-9dc6-a6576b4288ef,2024-10-01 20:01:46,2f82843d-6276-479c-972a-a1c46aa23e33,/about-us,33.31,Desktop,Paid,False
8f3213dc-329e-4d76-b126-e1886f4925be,2024-10-01 12:46:24,bcb4610e-292b-46e1-ab11-04cc7f82cbcd,/home,27.33,Mobile,Organic,False
27ee52a3-32be-474a-b9c6-c5d9f3f10937,2024-10-01 15:10:56,40adfe54-cc67-4050-894e-6caba87a470c,/expeditions,42.95,Mobile,Paid,True
8d4af57d-6a74-4283-8f85-22c0643f0bac,2024-10-01 04:54:13,032bfb6a-3666-4626-b784-458bd4ce1922,/gear/purchase,39.65,Mobile,Organic,False
456d2894-902b-4083-ae48-d8970b681e25,2024-10-01 06:08:51,3d4cb2b7-acf4-4bb0-be04-3075a7f0e6fa,/faq,10.49,Mobile,Organic,True
211a700c-12d0-4da6-92db-35366d212275,2024-10-01 23:57:47,2db01d45-675d-400a-85bb-577958db1e5f,/contact,43.02,Mobile,Direct,False
a1423574-fe15-4903-9f2e-a4bfbb23841a,2024-10-01 04:56:38,df6e5aaf-68a1-4da0-a2e0-33ea10d86e47,/about-us,8.99,Tablet,Paid,True
bb0d35df-3fc9-4ed4-9c33-d1040213040d,2024-10-01 10:39:19,010d4ef1-4823-4df7-bf8c-3e798dcfe34f,/home,5.01,Tablet,Direct,True
e1d952f5-f2b2-4480-981d-e2a7dafed673,2024-10-01 04:19:55,fcc25079-e759-4394-9368-a8925d1f030b,/gear,20.56,Mobile,Organic,False
70f581b8-bf73-4688-be8e-01b6900b7110,2024-10-01 01:01:54,956cb2f6-d196-442c-9430-83ea08958b2b,/expeditions/routes,43.49,Desktop,Social,True
7e9cf4e2-7643-4aa5-9861-2be91b48cf9f,2024-10-01 03:31:44,f63ac72b-6f9e-47c6-a28f-fef0a6d95132,/expeditions/mountaineering,13.33,Tablet,Social,True
2e70927a-4dcc-4846-85db-e1ed0251b2de,2024-10-01 16:30:48,9cdaf97a-7208-4444-aaeb-59b9243c58aa,/gear/purchase,1.54,Mobile,Social,False
197f3ba5-f9d0-4222-984c-a63bc69fc5d3,2024-10-01 07:54:53,36b259b1-7cd3-4914-9cc3-fcd58ada2092,/gear/purchase,1.91,Mobile,Paid,True
ecb20a08-1940-49fc-bdfd-aebd0f0825ad,2024-10-01 00:49:13,a6db762f-256a-4aef-b052-fd11833b664d,/about-us,57.66,Desktop,Organic,False
42bb34b4-a14c-4206-a646-65a78e195e63,2024-10-01 23:25:53,cf88764a-e98a-480f-8a2b-a4bbe88bcf80,/expeditions/routes,7.35,Desktop,Paid,False
b6dd4190-7944-4d34-b74f-1b7814695600,2024-10-01 15:54:56,0d54454d-d540-425d-b0d8-bd58466f08a7,/blog/mountaineering-tips,58.49,Mobile,Direct,True
ea475ce4-092f-4fd8-958e-3f0a4000dc6d,2024-10-01 22:51:35,0606ac6a-ee6d-4aab-83bc-8e38c647ed83,/expeditions/routes,28.19,Desktop,Direct,False
e0916ab4-38af-4363-a13d-6eac24112f84,2024-10-01 08:46:31,701ee042-8b5c-46a7-bc1c-672f36f9d1fe,/signup,48.03,Tablet,Paid,True
561e4320-5f08-43f8-ae53-a55ad68c2769,2024-10-01 10:07:23,410cc9b5-1247-4d99-b305-1adadf50dd94,/faq,34.29,Mobile,Paid,True
6e7a5d45-5c4a-456b-9c80-9ac80f7894ba,2024-10-01 19:21:37,1c9290bd-1709-4f25-ab2e-acdc79bcaea5,/expeditions/routes,43.46,Tablet,Direct,False
ad0dc269-9a5a-4244-af2f-4a06600376f9,2024-10-01 13:39:16,f5788588-27c6-45d6-9962-9f03730bc13f,/blog,30.51,Mobile,Paid,False
f92224a6-8efe-4ffd-bc31-b611f94401fc,2024-10-01 10:26:07,410b14cb-0ffd-4c1c-9e01-c4c6ebede60a,/expeditions/mountaineering,8.95,Mobile,Paid,True
4560ce39-4e4a-4a92-b04d-8071324fe130,2024-10-01 14:48:17,36427c18-8487-49c9-836e-310b70d968f6,/blog/expedition-stories,54.77,Tablet,Social,True
c9fc0a77-a971-4565-b79b-d4d9dc81eba1,2024-10-01 22:05:35,3e616973-36fd-41a1-a714-94030619d331,/faq,38.31,Mobile,Organic,True
b179e07e-70c3-4a33-8297-6a82630f1b97,2024-10-01 18:11:12,c439837c-bfe9-4743-b7c2-a4ecb6de1f7c,/expeditions/routes,26.95,Mobile,Social,True
c8a49300-e42c-41f5-821b-cfe45f755c7c,2024-10-01 23:49:36,288ce002-6633-4d41-bd10-b4192b2b5af6,/blog/mountaineering-tips,34.76,Desktop,Organic,True
42f852a0-96d0-4d4c-b29b-bc269a028f4e,2024-10-01 17:12:18,bf9fe1c2-09d1-417c-8e37-09d424ee0e8c,/faq,10.4,Mobile,Social,True
bf000919-ec89-412f-a857-124b8f66f30d,2024-10-01 12:43:45,434c3b74-61c7-456c-9726-d2b0124e3ae9,/faq,49.91,Tablet,Organic,False
be366548-5130-4106-8422-2af8d6274fd3,2024-10-01 20:18:15,6f059170-ca5f-4976-8c73-a9cc59038c60,/expeditions,19.84,Mobile,Social,True
a7021656-0b99-46fd-a0cb-bc7605ed7182,2024-10-01 04:07:10,9a6f7e1b-bdcc-4427-9850-94fa4a9d0508,/expeditions/rock-climbing,7.21,Mobile,Paid,False
1c285938-fff3-46dc-b131-0d83d3ef8376,2024-10-01 03:29:48,b0e344b9-9b23-4f03-aa31-d27e7a126ce2,/blog/expedition-stories,55.52,Desktop,Paid,True
c812d187-0a1e-446d-9545-2af13a1114b3,2024-10-01 08:18:50,ed8b2383-5535-4db9-892d-4410e6e26973,/about-us,58.43,Mobile,Paid,True
d8f84021-afa2-407f-850e-707192d83f52,2024-10-01 05:12:16,d56e3081-af03-4ba6-92d2-3afe8a99eff7,/home,42.68,Tablet,Direct,True
0e000bf0-5836-45c5-b48f-0cdad24a1d92,2024-10-01 15:39:50,339afc22-dafb-4f38-af34-f946135f0c13,/gear/rentals,36.68,Tablet,Direct,False
de8b1b05-567d-454d-ae8a-c04fec494244,2024-10-01 01:06:07,f0fa85cb-7793-4a94-9a89-959a2750576d,/signup,6.39,Mobile,Direct,True
64f5912c-88af-4dd3-b0f3-b7071ad7a90e,2024-10-01 01:00:20,c1178a8a-7347-4b6c-b283-989b84f3034d,/signup,9.94,Tablet,Paid,True
4a6d0518-6e90-443e-b473-c304db133943,2024-10-01 06:36:50,87411497-7f88-4f4b-99fe-a372b7e3574c,/blog/expedition-stories,6.79,Mobile,Organic,True
8037eaa1-9249-4727-865c-9dcd6502e04d,2024-10-01 12:35:36,498d3698-e63c-40ed-983a-aa7679584817,/home,2.52,Desktop,Social,False
1afcef82-0a4e-4a1b-9d61-7e545db2deaa,2024-10-01 23:28:39,8c109233-99d0-441f-9013-9c1060d4bb68,/gear,56.59,Desktop,Direct,True
82061db9-99f8-40a2-ad47-89f2cf85a28f,2024-10-01 16:28:30,9fb982bf-1ee1-4f71-8633-bf13e2126f3a,/expeditions/mountaineering,9.23,Mobile,Organic,False
6b389e27-1a35-441f-9783-48af071f88c2,2024-10-01 06:00:15,c099511a-bbd5-4b7a-85ae-c1fab5ab5794,/gear/rentals,8.81,Mobile,Direct,False
ca57c7c9-049c-4d04-a94b-6b7e0287b816,2024-10-01 18:02:49,55fb6772-52e8-4542-9074-8d647d6cbff1,/expeditions,24.38,Desktop,Social,True
8de6a585-9ed7-412b-8429-d0216a4d36c6,2024-10-01 08:48:48,32d554ef-2d72-4c43-8521-c6ceb3da5064,/expeditions/routes,8.72,Desktop,Paid,False
1cd4161d-3a33-46db-b585-4cd21161abce,2024-10-01 10:30:05,1fcaf8ff-ec69-4c5d-b6a8-bf94c54f17fd,/expeditions/mountaineering,36.85,Tablet,Social,True
1b22a9f0-5455-48ee-9a76-6a17c5e5db8b,2024-10-01 22:52:02,cc7889f8-afca-4ebb-9a17-ddebb41e4aa4,/signup,55.82,Tablet,Social,False
2b56980d-3e93-4c68-871f-f554bbb0780d,2024-10-01 18:48:42,ecd8149c-608d-4136-973c-00d3e789dd7d,/gear/purchase,37.33,Mobile,Social,True
414b05d9-801b-4086-a00e-c8bb90801686,2024-10-01 13:39:27,382d3a13-a1a7-4211-bf38-4f57ca378337,/gear/rentals,53.79,Mobile,Social,False
8f7f53bd-2660-4f04-a9b7-41798da38525,2024-10-01 07:12:12,1b69119c-b50e-441e-a9dd-fda87963f92e,/expeditions/rock-climbing,4.77,Mobile,Organic,False
6c82477f-4131-4881-9029-e197559447cb,2024-10-01 20:27:49,58015aef-f9f8-40f3-bf07-7e654bd496e4,/expeditions/routes,48.31,Mobile,Direct,True
75eb1180-37ea-4086-abfd-d94a0358b7f6,2024-10-01 23:17:35,7debea6a-411e-48e8-97fb-c396044e734c,/signup,45.08,Desktop,Organic,False
4c6cddad-4431-473e-bea6-f0f5530820ae,2024-10-01 11:39:00,53c008a8-7af8-43e8-a7a2-566c3489e0e9,/contact,28.51,Tablet,Paid,True
ae78b0d9-fa81-4b99-97f3-7c002ba23bc2,2024-10-01 08:18:00,1e7269ce-f85e-4580-9e2a-def74882103e,/about-us,24.55,Tablet,Social,True
0734abc0-0d84-4108-b6f7-e8cbf897c17e,2024-10-01 21:41:26,15cb0d93-5b33-4d89-9b56-8f28a711c6cd,/blog/mountaineering-tips,17.27,Mobile,Paid,True
e0abd868-7184-4acb-a2d4-d389244307fa,2024-10-01 18:23:59,95ecf39d-a872-4a70-a875-6c225da2c805,/expeditions/rock-climbing,3.72,Desktop,Paid,True
d2e13628-939d-4c32-ba90-9a7146cb031a,2024-10-01 05:51:40,a66fec0a-c1b5-4181-8169-b84c93c8ce3f,/expeditions,13.36,Tablet,Paid,True
0ce0fb3f-d84a-40a9-9e21-b0c918ebb057,2024-10-01 22:05:50,7124be0d-fb45-41fc-aecb-8364a153df38,/expeditions,51.58,Desktop,Organic,True
439651c7-081d-4f09-8fe3-2f9f679dcd4a,2024-10-01 12:20:19,a4044f18-23f0-4166-83e0-0ef26aaab55f,/gear/rentals,55.94,Mobile,Social,False
7e36965e-0e5c-4aff-b820-6d861e2518dd,2024-10-01 16:51:06,5c9f6c2d-5735-4a84-91d2-9883f02cb48c,/contact,55.26,Desktop,Paid,False
c2c25280-e28a-4522-98fe-28168e0dd6aa,2024-10-01 08:52:18,419eb9b5-be1e-46df-8a31-53ec012e866c,/gear,57.6,Tablet,Paid,True
84536554-1b0c-47d2-8204-84b4b6694b89,2024-10-01 08:52:34,ce5fbf11-fc82-4e86-af58-fac0ee373bba,/signup,50.08,Mobile,Direct,True
92c27483-ba92-4b36-8407-6a0bddfd2d35,2024-10-01 10:10:49,80974810-008f-4805-8288-1e8e94ecfc13,/gear,23.23,Desktop,Direct,False
72e2b0ee-6324-4f7f-9a33-899b43380588,2024-10-01 09:26:59,3bc56452-7257-4a96-b07f-bf4ed04a2a77,/gear/rentals,34.65,Desktop,Direct,True
ef2ba6e3-6a1c-4526-838e-cb4f5fc9bba4,2024-10-01 21:10:35,a269eafc-b75d-4868-9d3d-b1b755a8ef82,/contact,14.47,Desktop,Social,False
6de77f12-6f07-440a-97d6-8bb5ee208eaf,2024-10-01 22:03:23,fb4ee6d6-3d54-4638-b6c3-c2b153502b97,/expeditions/routes,27.99,Mobile,Paid,False
f11fb885-d939-4a74-b380-20fd297741d7,2024-10-01 13:05:03,d2beab09-7e26-4835-822f-7eb2d3c74e66,/signup,41.58,Mobile,Social,True
f28cdc34-5b9d-4e2e-bc9b-90eb8989a343,2024-10-01 13:24:26,617ae6a8-7413-45c7-82a9-073c59eb105f,/blog,54.31,Tablet,Paid,False
c3e7f96c-600e-4e3f-b265-b016a25b1d42,2024-10-01 23:38:16,984472cb-6484-47b7-b43d-c26d219a191e,/gear,27.49,Tablet,Direct,True
6da8c974-5ebd-4880-be79-aeb750fc6273,2024-10-01 18:53:14,d1a88263-5de3-4b07-8f6c-d2bc23e8a91c,/blog/expedition-stories,51.54,Tablet,Paid,True
d16766c5-1a70-413c-aaff-fd0d0645cfcb,2024-10-01 00:21:07,406a31c9-7bda-4da9-abb1-03f8b85dcaa8,/expeditions/rock-climbing,34.82,Tablet,Organic,False
68b6dd0e-6fa2-459f-865c-ee269dac56a5,2024-10-01 01:12:08,cf417c43-8cb7-4219-9d95-d9607d7579a2,/blog,30.35,Mobile,Direct,False
e5024e87-7a19-41c3-badd-17fd9cea6971,2024-10-01 14:51:06,2cfcbb5c-f04a-4bc4-a4f7-395c5e425d88,/expeditions/routes,10.92,Tablet,Social,True
319f0626-69b6-4373-b541-e51f04242e56,2024-10-01 09:20:32,31378b77-17df-42e9-b720-9ca647b39288,/expeditions,58.55,Desktop,Social,True
c5458851-e6f5-4981-b70e-359b3b39c465,2024-10-01 01:46:10,cb44df8e-8523-4a22-baae-aa33a7a5d4dd,/gear/purchase,16.88,Tablet,Organic,False
5ad6bef7-8b0d-42b3-ac3d-770119dc38e6,2024-10-01 03:47:03,bf198e8c-b4b7-4c84-85a0-40191163438f,/expeditions/mountaineering,9.53,Mobile,Direct,True
fd95239a-d030-4850-a6c2-97581bf226a8,2024-10-01 01:48:23,23493bab-6fa0-486a-8740-6dfe3e9ac388,/home,11.3,Desktop,Social,True
f778f723-8fd7-4e1c-ba22-2a3b3bbc38a4,2024-10-01 06:06:42,f5a2be62-13bb-481e-be40-a221a3304255,/blog/mountaineering-tips,25.08,Desktop,Social,True
40ebc5e6-b2a5-4e8b-9b1a-8b7f5dce8b47,2024-10-01 05:01:46,0e717207-45e0-4398-90d2-616768fa3828,/blog/mountaineering-tips,42.14,Tablet,Paid,False
104ca730-2ab5-4e3a-ba0a-7e7e350d7478,2024-10-01 06:40:38,d8bc0660-e9e8-4dbe-891e-86c05dac67a2,/home,27.09,Tablet,Social,False
395e82be-f40d-44fa-a019-23dbdbaaf3c7,2024-10-01 10:37:31,8e1aa715-2ad4-4b1b-b8ab-87844faa92d2,/contact,1.48,Mobile,Direct,False
e0fcbb74-cf44-458c-956d-a40ba112bb3a,2024-10-01 17:58:48,50e4e885-5a68-4275-bdf2-6697b1ba60b8,/expeditions/rock-climbing,9.7,Mobile,Direct,False
57cf6423-5f73-4503-bf2d-1bfbb18c1bca,2024-10-01 10:08:21,d89bba53-db45-4a28-ad6e-76d46142c74b,/faq,50.54,Desktop,Organic,False
3764e977-dcf3-4891-a49c-b8fd1026537e,2024-10-01 11:33:06,7d1a880d-a8ef-4253-8cf2-f4813af8a69f,/about-us,36.81,Desktop,Direct,False
c7958a02-504b-413a-9865-480b51a69388,2024-10-01 05:31:25,9c72ffd2-3449-4c36-af15-bdae3c3788b6,/gear/purchase,18.46,Desktop,Direct,True
a72f5620-2abb-45e2-9431-a1562731f333,2024-10-01 00:56:08,4f3c2883-e1c1-4f1d-bd3e-bb6fb8e294d9,/expeditions/mountaineering,9.38,Desktop,Organic,True
144859e7-021b-4152-81a4-48cbfe349eb1,2024-10-01 18:46:54,6c49cc3a-c537-46d6-a070-7951bc884e6b,/blog/expedition-stories,58.5,Mobile,Organic,True
4811d406-d6e3-422b-89fc-7a44740bc995,2024-10-01 16:03:13,8e97421d-2487-4cf8-b0b3-9b55bd2df9ed,/blog/expedition-stories,18.08,Mobile,Organic,False
3bf722f3-2929-4949-b823-2475e6309c32,2024-10-01 04:00:34,f30ed710-a8e9-4545-ba85-7ad5d69cd3f5,/gear/purchase,49.93,Mobile,Organic,True
937a1367-de85-4470-8c95-ce4d4e44929a,2024-10-01 14:06:32,bf3a3c99-90e1-4099-b218-ea2ef7dd0860,/faq,33.63,Mobile,Organic,False
5a86ef3d-ccb7-4ca2-9fe9-c75515b8b1e0,2024-10-01 03:56:52,bdcdb009-8f57-4cbb-805d-c283d05aa21e,/expeditions/mountaineering,58.82,Mobile,Direct,False
bd47a183-c3b9-4d6a-8475-a78dd160b0b0,2024-10-01 15:44:14,fb041d67-4aa4-424b-aa72-f4f7c4eb5def,/expeditions/routes,1.49,Mobile,Social,False
309187ba-b660-4e9b-b63b-374d229eb6a4,2024-10-01 21:58:13,8e53342d-9676-49ac-a3e0-ebdcc3ceaa9f,/gear/rentals,3.0,Desktop,Social,False
ca362dcb-cb10-4192-9374-0bf87cd6d6a4,2024-10-01 13:40:14,c462305d-c97c-4307-8128-208b8ba0b45a,/expeditions/rock-climbing,4.27,Tablet,Organic,False
eaada5cd-1e3a-4873-bdd2-cb6980ce2f89,2024-10-01 18:58:48,06d26242-7cb4-4382-a6f7-25a3039d2284,/contact,55.46,Tablet,Direct,True
60c53494-59ab-4eb6-8e5e-02d46b364ca3,2024-10-01 20:31:50,b011130b-944f-4079-bb8c-b1d2d76a021a,/expeditions,51.08,Mobile,Paid,True
13f79dcc-c6ae-4888-afc5-87eca64acebd,2024-10-01 23:51:42,4f2eef8f-0d49-4b5d-967f-04cdf805e736,/expeditions,26.49,Mobile,Direct,True
f060f8e8-b4ab-45d5-9edc-978e3a55109e,2024-10-01 16:34:18,93a8408f-042c-45c8-ae87-7d22315685fd,/signup,2.92,Mobile,Organic,False
3f05fbd3-6cec-4d7f-85a4-e8f4813a5929,2024-10-01 03:56:29,d4239f1b-5dc7-4edb-ba3a-4b4116c71a4e,/expeditions,33.25,Desktop,Paid,True
b8493fe8-9c85-441d-92b6-5df4e911b30d,2024-10-01 16:54:43,3c9dbac7-6710-4633-a5c3-282ddbe62896,/gear,39.82,Mobile,Social,True
5c335d5b-f3cc-44ab-a798-6374a3ee087a,2024-10-01 00:48:09,2db5bcef-c7a3-447c-8035-a9603dc207d2,/expeditions/rock-climbing,46.14,Desktop,Direct,True
c7fabfb8-89c7-4402-bc21-b9dbdd815400,2024-10-01 03:44:14,9389277f-d3ac-4e57-bb5d-cfaec12cc4ee,/blog,50.62,Mobile,Social,False
4736c7b2-1780-4c68-9666-05723a9b38e9,2024-10-01 16:21:11,4067e39b-15e1-48f4-9a77-fc8347b28175,/faq,47.61,Desktop,Social,True
e74d827b-8f26-43af-be8c-b9ab13287e49,2024-10-01 21:45:32,7ac51dc1-60cd-4ed8-89d7-577d20a2bb3d,/contact,36.53,Desktop,Direct,True
598984cd-ad4b-4874-9001-2c42a9816307,2024-10-01 05:25:20,d4ed5ccf-d17e-4ded-bab0-6a1e4e3b7790,/blog/mountaineering-tips,23.59,Desktop,Paid,False
f6b0508f-6fbb-4e54-897e-e61f91ff6755,2024-10-01 07:14:56,63f4cffb-ffb9-4170-b746-7ac33734dd76,/gear/rentals,45.9,Mobile,Direct,False
939fe224-105d-4c88-8ebb-567384c6b0be,2024-10-01 05:34:29,991ca402-0c52-4fe2-87a4-a03780a5793c,/contact,45.2,Tablet,Organic,True
573800cc-d106-4c00-b0cc-6ec6b9c378ae,2024-10-01 06:34:19,a190fc6e-f0a2-4a04-897d-3fff27d0180a,/gear,3.36,Tablet,Direct,True
629b0c93-4f48-45a7-8e91-de8973a406e1,2024-10-01 04:13:38,d0344f2b-0e69-4095-b6a5-9288d0bce02f,/home,40.49,Mobile,Paid,False
9c7e53f1-8198-4a5c-bc47-10390bee4872,2024-10-01 23:09:17,c206f57b-a2b4-4cbf-ab91-e333e0f9a76e,/about-us,58.95,Mobile,Direct,True
d99a146c-4ab4-47ba-97e1-74b0f93cb650,2024-10-01 01:04:13,ab374c11-5532-41f7-aad8-eb42ca23fbbf,/gear,43.09,Tablet,Paid,True
f94a5d1e-6813-4883-babf-62cb3f8fb7de,2024-10-01 02:30:26,901acc3d-00a0-47f0-956c-7906078e4c8a,/expeditions/rock-climbing,7.11,Tablet,Direct,False
9910a35d-07cf-46d6-84a5-f6b4531ca066,2024-10-01 03:44:20,ba3279af-f660-4c5c-b94f-251a1016ec18,/blog/mountaineering-tips,44.56,Desktop,Direct,True
28df3373-a074-447d-b49b-80317bb94a8d,2024-10-01 05:13:38,0a4457b6-f786-460a-acd4-7b915ca9e639,/blog,54.31,Mobile,Social,True
c7163ee4-a97e-4dec-9bb2-10ebdcae9e47,2024-10-01 07:23:04,a65f68e5-6d9a-47d6-a1ae-861fde66c9e7,/expeditions/routes,20.93,Desktop,Paid,False
4b19b588-3522-46ff-a728-d98be4d66119,2024-10-01 18:03:21,35fb7998-fb6f-4356-a19d-4eb8b7e6627d,/gear/purchase,29.35,Desktop,Social,False
e8aa12a4-279f-4f11-ac2d-9eddbffd740e,2024-10-02 00:48:44,6486ba0c-925c-4f11-8ec1-3fa46545574f,/signup,4.82,Tablet,Direct,False
5b212b22-adce-44aa-a303-dda48f70379a,2024-10-02 10:33:54,c7fabecb-37fe-4c40-a593-dd4db899c772,/blog/expedition-stories,15.22,Mobile,Social,True
2f45aec6-cd20-4486-8f44-be7d9e452508,2024-10-02 12:19:16,21a7730c-78d8-43cc-9027-f70a6ff769b0,/blog/expedition-stories,39.94,Tablet,Organic,False
51769d6f-7c76-4d86-88b7-6be9d4cd4f11,2024-10-02 19:43:39,9572861a-a7a6-43ca-9ebb-802b8ba6fac9,/expeditions/mountaineering,21.87,Mobile,Social,True
6ef8251b-702c-45cc-89da-9b59253351c3,2024-10-02 20:45:19,7a55187f-c359-4f3b-b3c5-d9e6fffb6dcb,/faq,29.98,Desktop,Paid,False
8ef2549a-6e21-417f-9b5e-b01d59ca127d,2024-10-02 08:54:23,edda7db4-5499-4549-97fd-276353f8e20e,/gear/purchase,14.54,Desktop,Social,True
2b9b6186-4790-40e8-9441-08106f04b929,2024-10-02 00:11:28,71c1ac0d-33ee-4147-8f54-1a9bc8722616,/blog/mountaineering-tips,59.33,Tablet,Direct,True
97d753ae-355e-4184-b61e-68b4054ba8dd,2024-10-02 01:09:25,53dfab26-fe00-4689-b932-3b46da9f9ab2,/gear,41.61,Desktop,Direct,False
30b71e25-fb6a-4b87-9774-014fb83df819,2024-10-02 14:52:23,61dfa9e4-3197-4d48-b9d8-b939151da77e,/expeditions,35.86,Tablet,Organic,True
54bdd2c8-c3ef-461b-8de3-42776fe5ecb3,2024-10-02 00:31:30,73bbc5c2-102b-4730-812b-f9b1e17e2b85,/contact,44.39,Desktop,Organic,False
b57e1bb2-1b72-4a9e-a727-018cdb46d540,2024-10-02 21:57:35,b3657f3d-fb5e-4508-8867-6b34d81c2451,/expeditions/rock-climbing,10.33,Desktop,Paid,True
0403ffa3-4635-4ffa-85f3-86e0c003ab5a,2024-10-02 23:20:15,67ed24fb-96bb-47ee-964b-5f031b1a4fcc,/gear,10.7,Tablet,Paid,False
2c525435-afc0-4093-999b-9cc46930bef9,2024-10-02 19:25:02,43d9e55f-2e39-4299-aa96-73d6e37c5f7a,/blog,2.1,Mobile,Organic,False
f1c72017-b793-4f3f-b0bb-b03fbb2d761e,2024-10-02 18:05:17,523f9f63-5bda-44c9-84f3-3a15d33f4456,/faq,5.18,Tablet,Paid,True
259a7020-2ba7-46c1-a91d-dfc90db6f19e,2024-10-02 13:02:55,bf615bab-6dd9-47df-abb7-c51eb5b44e10,/home,56.11,Desktop,Direct,True
9ef49ba9-2c78-4544-a7b0-3463ed881096,2024-10-02 04:40:53,e2c86bec-2842-4dff-a7af-c2f30f6cc846,/gear/purchase,16.64,Desktop,Paid,False
7afda06e-ffb3-4ea5-a8b7-510a92a320da,2024-10-02 01:32:06,91f4fc2a-f167-4e83-9a31-752b9f38aca8,/about-us,33.65,Desktop,Paid,False
a16cd590-790c-48e5-9ae6-070fe00b4c12,2024-10-02 15:59:38,b054022e-f270-4de9-ad97-9d79bf914717,/blog,9.51,Desktop,Organic,True
df5b1d22-f84e-46eb-b210-cbc251929d94,2024-10-02 08:29:58,b5a281c2-8744-4314-988a-4fe5d5f0bc20,/blog/expedition-stories,28.37,Tablet,Social,True
48f30db7-eefa-4b5e-8fdc-54dd1459e1d5,2024-10-02 00:25:16,1407a31d-2f23-4f09-abe7-369e03a358a7,/signup,46.17,Desktop,Social,True
eee74aaf-3b8f-4a28-a3f2-6cb7930e08f1,2024-10-02 23:19:47,58b534d8-89c7-4eba-9235-e2fcf4ca8279,/home,54.28,Tablet,Organic,True
43cebb55-31cb-42a9-913d-6703659a3115,2024-10-02 23:01:16,d61ef46c-716e-408d-bdf4-b8aac3015541,/gear/purchase,13.21,Tablet,Direct,True
f5e411cf-db69-471d-968b-7010db152d36,2024-10-02 01:46:26,c7946a5a-d4bf-4f91-bb48-105da3be1832,/gear/purchase,10.35,Tablet,Direct,False
1180e163-1478-4bd7-9e56-e7e59f7edae8,2024-10-02 00:03:43,25442308-fa67-41af-9353-1289c2bc2b2d,/expeditions/routes,10.78,Desktop,Social,True
2a01ef14-7a3d-4ae4-8e67-c380056ff4d6,2024-10-02 19:11:01,7295f5bf-cd1a-42c4-9cea-ad76547e6190,/gear,36.24,Desktop,Organic,False
97b1bcf1-6077-4de1-abb0-b96f45b99579,2024-10-02 12:48:03,e1534af3-442f-4117-90b3-acc22d3adc1f,/gear/purchase,30.58,Tablet,Organic,True
84420afa-68d3-496c-a9d6-9c49c4d08442,2024-10-02 04:31:33,37f27f2f-a8e8-4185-b798-366f3946d2d7,/expeditions/mountaineering,59.82,Mobile,Organic,True
e4b5b4af-ae2c-4bed-a308-41d38828ce09,2024-10-02 00:36:21,bf5eb492-534b-4576-b5b3-08baff518c19,/signup,3.22,Tablet,Organic,True
48dfb21a-a89f-4124-bedc-3c57889066f0,2024-10-02 06:58:53,45ccb94f-5b69-4fea-83cd-f304278a1a88,/signup,40.59,Mobile,Direct,False
8a8644d1-8dde-4ce6-b858-83fc5a7cc329,2024-10-02 06:54:38,6c428638-a552-4cf5-afce-4c615201b5bb,/blog/expedition-stories,48.67,Desktop,Direct,False
14ae53bc-173f-41e6-bed0-e943e7069b4a,2024-10-02 21:10:54,41e44baf-5ea0-4cbb-8fe6-13fb1d1a2aab,/expeditions/mountaineering,14.82,Tablet,Direct,True
f6e1b954-a765-4ddf-b227-d2e7e8ff00df,2024-10-02 12:22:07,0eb0ec9c-bf8d-4fca-b5dc-fb6a3e50ff5f,/about-us,19.49,Tablet,Paid,False
ccfdeb1d-86ed-4411-a653-e805e7c60e39,2024-10-02 21:37:30,624dcc03-8e08-44ac-b405-37aa8ab3e4d3,/blog/mountaineering-tips,59.81,Desktop,Organic,False
5b6516a2-6e83-4960-89b8-b39e60f98d62,2024-10-02 13:17:54,5480aabd-1db3-4c7d-ac81-ada736ed3192,/contact,15.06,Tablet,Organic,True
c6e9ccee-e0f5-4dd4-a48d-28c4538d6f0b,2024-10-02 17:54:44,a4de683c-840c-4dd3-9ece-a475e147979e,/faq,52.22,Tablet,Organic,False
cd7ec469-a7ab-4e74-a192-78973e58fd38,2024-10-02 19:57:47,24405feb-c276-443c-9fd4-3639b53fef60,/blog,50.04,Mobile,Paid,True
f41f76ea-f13a-4f38-872c-e78b66df86b7,2024-10-02 01:15:30,daf5e8fa-0285-4990-b661-8bb0b3f7f7a5,/gear,36.28,Desktop,Organic,True
5e5b90cf-52f4-49d0-93ca-9e646f0f8d9c,2024-10-02 06:44:50,2f3e787d-2b6a-489c-8fd4-f94c36e5e251,/gear,27.26,Desktop,Direct,False
05e02c6b-b6f6-42a3-b192-be4af7fe4792,2024-10-02 14:36:40,5ffb0f66-4464-4f08-8a47-73198d2934aa,/blog/expedition-stories,36.48,Mobile,Social,False
64aac99a-44a7-414e-bf17-c12bc234f9cd,2024-10-02 04:52:49,e7bebefd-0ec4-49d6-a317-01a456d5ff5e,/gear/purchase,20.35,Tablet,Organic,False
ac947f06-597a-475c-9afe-9724e10f7932,2024-10-02 19:03:41,1cb5fe44-1ec8-4ff5-b3d9-bc62d153df9a,/expeditions/rock-climbing,45.89,Desktop,Organic,False
8a4d01b1-16ab-4e3a-ac01-4f05f64a7db0,2024-10-02 17:13:24,88cc2c6c-f7a9-43ed-8658-02bb9b785975,/gear,43.14,Tablet,Paid,False
af574ee1-302b-46f3-99d6-f9d8aa76bf76,2024-10-02 02:28:33,6c88e60c-e139-4599-8429-f205d35873c9,/signup,48.43,Desktop,Organic,True
696bf30e-031c-4364-ade3-e6853ae5c37b,2024-10-02 09:49:53,c4fe6bf3-c8d7-4fed-b0ba-7db196473e9b,/gear,46.44,Mobile,Social,True
2b1a7d23-7713-4818-861c-787a0bbceab5,2024-10-02 18:36:43,0280bd48-5046-4f09-a738-c56aecf8f08f,/gear/rentals,18.14,Mobile,Organic,True
cdf177da-ae1d-4430-96ae-eb4b65b37db9,2024-10-02 03:26:49,e4015840-0bdb-430a-99ef-5562002d58b4,/expeditions/mountaineering,1.01,Mobile,Paid,True
5f4e639e-8a27-44f5-983f-0622bc56f699,2024-10-02 02:01:50,108cb2fd-eb8d-44c6-bc06-fc1220f38a24,/blog/expedition-stories,13.54,Mobile,Social,False
ca0335af-06a5-4a76-a6da-5194227ee2fb,2024-10-02 10:52:57,876d9c91-0aff-48b2-9aa1-a2c974a77657,/blog/mountaineering-tips,49.65,Tablet,Direct,True
1240f161-d415-4482-b24f-63ae81ef1110,2024-10-02 18:30:40,898ecb79-0b05-45a3-90dd-cc34d21b5ad0,/gear,26.55,Desktop,Direct,False
d92f2c9e-c36c-42fd-95c7-dbcdfe09cab2,2024-10-02 17:34:46,6c4ab780-5529-48c7-9524-55041aa46fa0,/blog/expedition-stories,59.9,Desktop,Paid,False
0ca024f1-1036-4b6d-a0ab-6984048c4d5b,2024-10-02 16:40:32,80a8fe18-fe5c-49ef-8df7-75d6b9951e52,/expeditions,51.14,Mobile,Organic,False
2b4971ee-99e5-4b56-bf93-f3698e008dd5,2024-10-02 17:33:42,190ecf89-9f4e-496c-a55d-e1113edb6128,/home,49.76,Mobile,Organic,True
994f34af-1f69-4390-8f99-0900ee658451,2024-10-02 06:28:48,add7315e-06f1-47a0-a508-65bf2f6bb8d3,/blog/mountaineering-tips,15.76,Mobile,Direct,False
cd68a087-ce9f-4606-b2a6-f98209c36d5a,2024-10-02 04:44:01,a061a44c-82a6-44a6-856b-d80baca1e941,/faq,1.72,Desktop,Direct,False
bb8f7332-2098-49f3-9257-abaa89d64938,2024-10-02 08:13:09,0490cae1-cb26-4f87-abf9-ed802ec04952,/gear/purchase,14.67,Mobile,Direct,True
97a9ae78-2759-454b-8bbb-3d71f7b5a4f4,2024-10-02 19:21:09,71a13558-542d-4a8b-bc7d-91f8c45cebca,/contact,45.9,Desktop,Organic,False
b90ca2ea-c7e4-4aed-be7d-34e6e73f730b,2024-10-02 17:49:34,2f283c53-8d37-4712-8705-13a6a1464d79,/gear/purchase,43.27,Tablet,Social,False
1b4430fb-7b61-4ab9-89f9-c98a0fcd794d,2024-10-02 06:14:53,b6fa40b3-9f13-4369-bb39-0e147551c604,/blog,18.66,Mobile,Organic,False
4b29af3b-cb4a-4837-a28c-f7e3d273dbb0,2024-10-02 06:41:57,cef3a423-99b2-4565-a0a4-d01524b7bab8,/home,28.23,Desktop,Social,False
16931d91-1c38-4eb3-88cd-9cd6ffbcabf0,2024-10-02 07:58:05,2678f65d-4470-40cb-b993-d1b23ac2f419,/gear/rentals,8.04,Desktop,Paid,False
23452e4c-732e-4a86-b95e-369c8713b08a,2024-10-02 18:07:57,9614d8d9-32f4-4790-be30-ffd8dd6b3d7d,/blog,27.27,Desktop,Paid,True
e6ff67d1-3754-4712-8bb2-15643f7c2358,2024-10-02 00:32:15,df008ba1-cb1f-4c2b-86c3-2c335af6a907,/expeditions/rock-climbing,3.67,Desktop,Organic,True
9fb27795-2d9f-48e3-99f2-dea57c57356b,2024-10-02 13:35:07,b31929b5-f36f-45ab-8266-906df4135b59,/signup,50.41,Tablet,Direct,True
a210fa14-e8b3-40d8-bac7-cdc6f51d0392,2024-10-02 03:20:24,0aae1de1-05da-485c-8661-1e6ac72f9539,/contact,30.64,Tablet,Organic,False
08fb7629-d0a5-4e7e-b9cc-16208393d122,2024-10-02 20:44:10,5dd5df79-24a0-42cd-9bcf-ceaad23f02a8,/blog/mountaineering-tips,23.83,Tablet,Paid,True
ea77b92b-8441-4329-8a83-daccd9530b7c,2024-10-02 18:19:17,82609196-e2cc-4fe4-9146-3fe667414c2e,/contact,57.8,Tablet,Organic,False
2e3f9be5-0529-44a4-9eb9-2159fc256cea,2024-10-02 17:17:19,c17fba27-0593-4e6d-9d1c-8cb81385ad6e,/blog,58.92,Tablet,Direct,False
571c8784-8911-44ea-b56e-97d6b0389723,2024-10-02 05:45:51,4cc2a946-a55d-4919-8284-b103d932a332,/gear/purchase,9.01,Desktop,Organic,True
e048ca30-e86c-45fa-aeb3-b1fa1413ea6e,2024-10-02 02:27:56,ec95dcaa-44ad-4a6c-a692-184ac50cc399,/expeditions/mountaineering,29.08,Mobile,Social,True
6fbb8278-e6da-4608-985b-01356630ffcb,2024-10-02 13:28:47,e7650697-9b1a-4bc2-8413-3081d5a2a41d,/blog/mountaineering-tips,26.04,Desktop,Social,True
f18a61fd-6c04-4a44-b2fb-4de173a850c8,2024-10-02 05:23:22,c14dd037-ed1d-41ff-9299-6f1a12b10803,/gear/purchase,35.03,Tablet,Direct,True
58ec5ad8-8052-478b-a429-91419596fef5,2024-10-02 06:44:03,d9a6c522-dc2a-4f81-b378-23d6e7e73cb6,/gear/purchase,56.26,Mobile,Direct,False
07c537ba-ea16-4cbb-90b2-aa357a128561,2024-10-02 10:00:50,fb88eb4e-fa00-4ae2-bb6b-187ed32628de,/gear/rentals,10.09,Desktop,Social,False
01e3d5d0-2203-4e7d-9db0-3ade459b5d0a,2024-10-02 04:30:49,26517cb5-777a-4e36-8522-37d68a0d5ba5,/home,50.39,Mobile,Social,False
008c2559-3dd8-44f1-a610-951f2f9f1acd,2024-10-02 05:58:22,9cf1eb2b-6346-4465-a5e8-70525660a6eb,/blog/mountaineering-tips,49.58,Desktop,Direct,True
70bb9fc9-e35e-4e48-b5fd-ba460a445633,2024-10-02 16:32:08,5406ce6e-5960-4755-9770-95cf13e41fbf,/faq,47.1,Tablet,Paid,False
0093e82c-1133-4533-9de3-f9c6e7f3666b,2024-10-02 10:02:33,9fb854e0-04b8-4463-9b9d-f547fc9fd270,/blog,43.76,Mobile,Social,True
a1294c35-89b3-4693-a2c8-bae6f7214111,2024-10-02 23:50:06,3fe51e66-a286-4afe-a061-0c75637f636d,/blog/mountaineering-tips,39.36,Tablet,Organic,True
143a93df-567a-41bf-b910-84d27bb30e7d,2024-10-02 12:29:10,8acdbaa0-11af-4874-9a12-988c5f87eb37,/expeditions/routes,21.18,Tablet,Paid,True
9c6bf8c0-589f-4798-95aa-75a54b0dec39,2024-10-02 21:42:37,de386f32-22e0-4b57-83b3-13d387154584,/blog,35.21,Mobile,Organic,False
5829bdd2-bae1-4c92-8441-59067eaff060,2024-10-02 23:48:00,2e91ca9e-3b0f-47a1-b959-ac5dfefa0118,/expeditions,4.25,Desktop,Social,False
33e8d290-7db9-410e-ac45-b9163f1aab1d,2024-10-02 19:48:30,3c3cbe1a-e520-4d27-a0d6-e1ffec85fbd3,/expeditions/routes,44.26,Tablet,Paid,True
9d4d6a00-2283-405c-be0c-8ff7792d75c1,2024-10-02 16:38:51,7eaf4643-c9bc-4fab-8681-b1d676785590,/expeditions/rock-climbing,27.52,Tablet,Paid,False
dcf52620-45da-43a9-ba99-966ee2f6be3b,2024-10-02 16:39:44,8fa58202-8bb9-484b-92ae-dcb9b38a172f,/blog/mountaineering-tips,6.38,Tablet,Direct,True
b9af1b46-ad65-4731-9643-6ab2f9bd8956,2024-10-02 13:28:23,6ce89d14-c7ad-4c4a-9112-16397e0fcc5c,/gear/purchase,9.27,Mobile,Organic,True
5a003207-8bd1-4221-a56a-e8c8eb678b8c,2024-10-02 21:10:53,8c6a0cb3-4c93-4c0b-96ec-0e90c0da1642,/expeditions,49.64,Mobile,Social,False
b177df87-8c8d-4cc7-86ac-27779f604fdb,2024-10-02 10:09:31,6f6132db-2ce1-4c54-b375-5972981068aa,/gear/purchase,29.16,Tablet,Paid,True
6f84208e-c887-4b33-8641-3923e2bd51c9,2024-10-02 10:11:26,3d5c3fbe-658c-4bda-9ddf-961e1d736aee,/gear/purchase,48.34,Mobile,Direct,True
41fe1a20-45ac-4f20-b4b3-99fb3197594f,2024-10-02 03:57:45,cbef5514-75f0-4104-826a-1c77375946ff,/signup,38.71,Desktop,Organic,True
8f8ef2fe-e282-41da-b070-ec74740225c7,2024-10-02 22:36:06,e019098d-30f7-499b-9aa5-bd8c2966844e,/expeditions,47.27,Mobile,Organic,False
2ed11e75-7a0b-470a-90c5-77801adaa81b,2024-10-02 04:54:40,1e93d648-baeb-491a-b3d5-368ab8d26a2e,/signup,19.28,Desktop,Direct,True
819e8883-abf4-4a93-8661-6df5906d01ff,2024-10-02 19:12:25,30f0d6b7-07f0-4839-8f5c-cbf105041f52,/contact,23.59,Mobile,Organic,True
206834e9-befa-4d96-a9d8-1a535d8375ad,2024-10-02 03:12:06,d8ef5c42-d120-4933-83dc-6604cd39d4a6,/expeditions,31.97,Desktop,Organic,True
02a49d5a-c7db-4b0e-8343-48c9e651c56f,2024-10-02 10:49:30,92a77bcb-ef72-4751-9792-826504bd34f5,/gear,47.75,Mobile,Direct,True
497df52a-4ffd-4e0e-8374-fe68c069cfca,2024-10-02 07:01:01,e47ede73-1c34-42a9-b140-eeadd27f7df2,/faq,23.2,Tablet,Paid,False
1177c215-c445-4323-9dc8-fe8bf32abb6e,2024-10-02 05:47:26,3462e2c9-ea34-4464-95cd-494c76d195dc,/blog/mountaineering-tips,31.93,Mobile,Organic,True
5375e24d-fdd8-4c10-a62b-99ff3bfc77ba,2024-10-02 13:06:51,51acfb06-de30-4af4-ab9c-65ed38f5b418,/contact,43.79,Mobile,Direct,False
a66dab4d-de9a-41e3-aeaa-f6ea6884f4b2,2024-10-02 10:31:09,92f9abb2-e472-45ac-b94c-ded1e0e5e08f,/expeditions/rock-climbing,19.21,Tablet,Paid,False
ff9482e1-4ac6-425f-83d0-edc5e7925980,2024-10-02 14:00:16,cfed6e07-8582-4154-8b2e-4c7e67d72f5d,/contact,43.11,Desktop,Direct,True
bb12b106-f8ab-4f4c-b832-9998e36737cb,2024-10-02 03:10:38,5ffcaad3-5078-4902-8690-4d86b202273c,/blog/expedition-stories,24.08,Mobile,Social,False
6e93cede-f0e0-4915-a815-e07d48703ac6,2024-10-02 20:01:20,33ddcdd2-6d63-469b-8771-801960aa427d,/gear,28.78,Mobile,Organic,False
c40f7a95-61bc-4877-8f94-6453dbf7b65d,2024-10-02 13:12:32,6f7b8398-0740-405e-94c6-64d9fa2c8214,/blog/mountaineering-tips,55.44,Mobile,Social,False
29d7a633-1da9-4370-95d5-e3bf9f1a62ed,2024-10-02 20:03:30,4eccfd6e-120a-4323-8c2c-be3464479abc,/about-us,1.7,Desktop,Paid,True
cb67f316-a023-45d8-847c-f4be574d04d0,2024-10-02 10:05:40,e682f516-65e5-4faf-856e-7c10c47df244,/expeditions/rock-climbing,15.79,Tablet,Direct,True
cbc3cd48-8193-4b62-86bc-70cbdc4c5927,2024-10-02 06:31:24,88b1aa0a-bb6e-4317-b388-b2a2adc0adbb,/home,17.81,Mobile,Direct,True
85605b7b-d184-4ccc-adde-57f465cbe558,2024-10-02 14:40:56,85fa8cab-984a-46d7-80b9-69db91b03aff,/faq,28.47,Tablet,Paid,True
ae4ed51e-8197-4078-9f46-f642eb1bd40f,2024-10-02 22:54:15,60e9ff07-0d05-49ae-abc6-565dc941b81a,/gear/purchase,16.12,Tablet,Social,False
778d2ed6-23ba-438a-80cd-9f5f7efe140d,2024-10-02 05:01:58,3f03f3b6-7a26-4c08-b203-a1cc7c663c5e,/expeditions/rock-climbing,40.08,Desktop,Paid,False
7f2c9e60-4cf9-4046-ad03-011836219df1,2024-10-02 23:40:27,22f187cb-ce33-457a-823e-f7e17d06a208,/expeditions/routes,28.13,Desktop,Direct,False
1f80278f-4d4c-4765-9087-ad3cf3746a48,2024-10-02 07:37:43,48d59601-0acf-4c77-bb1b-7f167778e047,/blog/mountaineering-tips,8.98,Mobile,Organic,True
02aea1f0-fcda-4969-9c2a-509936d1e9a1,2024-10-02 12:35:56,9257609f-0ff2-4838-b605-db53f98e1f7f,/blog/mountaineering-tips,37.97,Desktop,Paid,True
3aafa1a1-bfb4-4229-977c-123a8496da83,2024-10-02 04:26:02,513e50a3-b7dc-438f-8e42-0af07743a6fe,/contact,35.0,Tablet,Organic,False
5ebe9b53-21ca-47a3-9299-ab416c7fb60f,2024-10-02 17:14:01,908d89e7-e15d-4817-a2b1-e930b3770569,/blog,54.96,Mobile,Social,True
890c050c-be36-45c1-8054-c4407d9e37c3,2024-10-03 18:59:35,5538f42e-30f5-4c19-aa96-9473d9600f53,/contact,45.34,Desktop,Social,False
9f4fc072-8d11-48d8-bbbb-9c898b1475b6,2024-10-03 11:10:12,1bd931b7-c067-4c4e-9b65-7a157a36c554,/contact,24.96,Desktop,Social,False
2aca2b88-24c7-4e07-9e1b-f4fb3f61522b,2024-10-03 23:37:45,e6ce0913-c9ab-401a-92ab-7c8ccd795f5a,/contact,43.53,Mobile,Direct,False
bda396dc-2126-432c-bb01-abe25a1bd941,2024-10-03 17:02:44,6305ef49-9aaf-45b4-99ae-4efd303f92a1,/blog,39.44,Desktop,Paid,False
81223da4-803e-48dd-9917-aa55875b8e01,2024-10-03 07:02:46,c27f1d2e-4fd9-41f9-bd8f-88fc28970b42,/expeditions/mountaineering,32.21,Tablet,Paid,True
28e0018c-e041-467b-89fb-76024bd251d7,2024-10-03 04:32:09,4bc15bb6-ce38-407a-8263-9569924a127c,/home,48.2,Tablet,Direct,False
5ad79003-31cb-4f17-b50f-c1bc8a23ce44,2024-10-03 13:48:49,87ef0dd0-7dfa-4690-b86e-5a31f66de641,/expeditions/routes,18.3,Mobile,Social,True
41b67746-fb2d-4dd4-a01c-d438cf746be8,2024-10-03 17:27:11,cc5aa10c-3c8a-4b5a-8082-c93f40e01322,/about-us,19.46,Tablet,Direct,True
4d132b68-d626-4136-bf6e-5e50e7a11c46,2024-10-03 03:52:02,3b38c77b-24c2-4851-bf97-8d7f91a7d396,/blog/mountaineering-tips,37.14,Desktop,Direct,False
bde344e5-bc09-40b4-8dc6-00ca971e4e37,2024-10-03 23:30:30,92bd36d1-365d-4bff-a716-8768026f49b4,/contact,49.42,Mobile,Direct,False
8ed5dfc3-5b8d-4f09-a0b4-1cca89cde743,2024-10-03 10:12:03,de902ab8-ffce-4c54-81d1-f62848d5caeb,/blog,35.9,Tablet,Organic,True
f6776e76-c2df-4135-a037-ea882959d056,2024-10-03 07:14:03,080a4094-f937-47e5-aa23-89d2f883faef,/gear/rentals,9.4,Tablet,Social,True
a875a7eb-7908-4dc7-9273-bbf7fd9c2f1f,2024-10-03 08:11:22,a7a25f1e-0ae6-41a3-84ad-7b5b493af4f6,/about-us,53.72,Mobile,Paid,True
6ddd693b-4cbc-4dc4-bf7f-82c4bb0e0f93,2024-10-03 12:59:50,744db458-a972-4dcf-8121-dee5599ff8cb,/blog/expedition-stories,4.32,Desktop,Direct,True
7435d2c7-ae3f-4ee4-a1b6-20c6f3d83e4b,2024-10-03 03:11:08,a99904fa-667f-46e8-8f05-1dcddc6b24eb,/signup,31.16,Desktop,Organic,False
2c9cfff4-581f-46ac-9742-c163cadeaa34,2024-10-03 01:18:44,5625a531-9bc4-4e04-9706-ab92a99e5093,/contact,26.96,Mobile,Direct,False
46697a97-29af-4376-87c5-4fee622b77fa,2024-10-03 01:31:37,24420931-d3e0-48ee-b71e-c68c091c006e,/expeditions,19.58,Mobile,Organic,True
0e8d4edb-13d7-4c5d-b715-563f75e162ff,2024-10-03 23:34:06,a79a3731-27d5-4610-8a0a-73ac48fd293f,/faq,45.73,Desktop,Social,False
13876ee5-9a8c-4af7-8c4c-d7752781bd16,2024-10-03 09:13:23,8f66e18b-ffe7-4c08-94cc-7d3e2d823607,/gear/purchase,47.06,Desktop,Direct,False
b0ef5b0f-f36f-4beb-9de0-d8011b00abf1,2024-10-03 04:00:58,675dee6a-1047-4c24-b288-cabc2a9ac2d4,/about-us,28.28,Desktop,Direct,False
3aaadb20-d777-43e3-9395-e2e16ddfee19,2024-10-03 18:08:19,7bea3e3b-f277-47e2-9d85-867851a90e06,/expeditions,36.89,Desktop,Organic,True
521639eb-f4ce-47ae-a950-1e51939a6936,2024-10-03 17:22:12,79e17019-ea85-473f-a2ac-166dd0177ea8,/expeditions/mountaineering,31.1,Mobile,Paid,False
fc35c584-308e-4888-a13e-85fd9e1601fb,2024-10-03 19:22:58,437b08f3-5eb5-4d19-a0eb-6b7371aeccb7,/about-us,25.46,Mobile,Organic,False
3af3515e-5df2-4439-8ad0-2b3f38ab0f6f,2024-10-03 01:20:39,3468201e-21fd-4c99-bdb9-2fe28e040124,/faq,31.05,Tablet,Paid,True
ee681634-35c4-46c6-afc5-adbde1b85c83,2024-10-03 19:32:47,155bf154-a72f-4a65-bf60-cb840b0437cb,/expeditions/mountaineering,15.81,Desktop,Direct,True
4751491a-3352-44d9-b7c0-49035fd793d2,2024-10-03 11:21:20,54614146-bccb-49de-83f0-0ef0d7ff1132,/blog/mountaineering-tips,27.2,Tablet,Direct,True
fff95d10-d1f0-4aa4-b7d1-2219c6c88197,2024-10-03 19:55:29,95edffd9-dbc3-466c-916b-3fb5cc237e48,/expeditions/routes,7.42,Mobile,Social,True
2e1cb9c1-2965-4c21-89ef-f917b0f45ad0,2024-10-03 07:17:23,a51caed0-456d-4677-bc96-b11520dffb27,/home,58.29,Mobile,Paid,True
109454a8-bcb8-4a99-883d-af60e95edc51,2024-10-03 16:32:16,33879f9d-5f86-41c5-ac78-35ce3e339d30,/expeditions/routes,28.42,Desktop,Organic,True
11e154a7-b1ef-4570-b2d6-1edcd2ff61a4,2024-10-03 15:21:16,bbc429d4-8f29-4468-a5b5-e7683c88926e,/blog/mountaineering-tips,47.1,Desktop,Paid,True
29f37c0c-8833-4cda-aa51-fc9bcc976488,2024-10-03 09:15:37,db936840-b2a5-4c84-9eb5-8ff44f336f42,/gear/purchase,57.99,Mobile,Paid,False
edda0afa-c67e-4b49-8f6d-5c70931e1291,2024-10-03 07:21:05,12514ba9-f2c8-4e90-b1dc-33fc88974127,/faq,21.23,Mobile,Organic,False
1ed5df02-abf1-4e48-a2c8-851de7498e44,2024-10-03 05:21:42,66a33e2f-d7d6-4109-a7e7-759a4ff87933,/home,35.99,Tablet,Paid,False
508c4813-185d-419f-9eca-4e41dc5c168f,2024-10-03 05:19:13,f955b4e1-90cb-467f-a4ca-03ece99c5189,/signup,45.39,Mobile,Direct,True
1707e791-5168-4cb3-8e45-dea3fcd49a48,2024-10-03 20:06:04,1473ce3b-f51c-4ed2-9241-e0fd80c069d9,/blog,55.57,Desktop,Direct,True
6eef496e-b016-4212-9453-756328f584b1,2024-10-03 07:22:49,c8eb3732-26e8-44bd-ab98-a93b57c13623,/expeditions/mountaineering,21.27,Mobile,Organic,True
c93e4409-5ba8-4462-8b24-614acf1e3537,2024-10-03 14:37:07,10ec66bf-26d9-480a-9ecd-d942780c3a9b,/expeditions/routes,10.95,Desktop,Direct,True
7ec06a2d-bc3e-4f02-abe9-e1ea66972416,2024-10-03 11:04:38,a44069a9-35f5-4bdd-9237-2aed303eb5ae,/blog,15.53,Desktop,Direct,False
a51e2b9f-f8be-473a-a921-0bc82469c6d9,2024-10-03 09:20:57,961e4d7e-37c4-43ab-b394-0caf56115c26,/expeditions/routes,39.36,Mobile,Organic,False
3ff3a5e7-fde8-46b2-bfd9-70334a1bfb42,2024-10-03 21:16:51,d4388696-8685-4885-8c29-0984568d3991,/blog,27.69,Desktop,Social,False
bd8e14a6-3824-4dfc-95bc-ac7ec8441b00,2024-10-03 23:09:07,2f7dbfa1-e11d-4220-8738-de5f6b987ffd,/signup,5.88,Mobile,Paid,True
5e763499-2ad1-4ac3-afba-1e6e84bde093,2024-10-03 14:55:26,655aee44-f3d0-4943-8c4a-a9fd4c85dd35,/expeditions,42.86,Desktop,Direct,True
13688cc5-7f51-41a9-89f6-7bb35e655b0b,2024-10-03 15:02:01,e6279ff5-4c1d-4948-98f1-981664441220,/expeditions/routes,40.06,Tablet,Organic,True
d92c19c8-6636-4cdb-bdd6-4e1921cf0163,2024-10-03 20:51:44,a7de477a-4899-4c73-a6a1-fc6c593d2eac,/gear/rentals,37.13,Mobile,Paid,False
0e4b0618-1cef-4790-bcc6-648119e161fd,2024-10-03 20:10:52,43fc39dd-e231-4c61-b15c-795a2ef9681f,/blog/expedition-stories,1.72,Tablet,Organic,True
71295e01-5220-4e3e-90ed-2f909986d5c0,2024-10-03 19:40:49,bb12ea44-916d-463a-abae-eda01dee09aa,/home,10.32,Mobile,Paid,False
bd5e45a4-bec4-4a7d-b296-a9d676689203,2024-10-03 01:40:36,5a03512a-01f2-4c71-a3d5-72444cbd7468,/blog,38.16,Tablet,Organic,True
21f60d43-864a-4caa-89d1-394fb5347426,2024-10-03 03:54:36,5c1ad26f-ff87-4662-8daf-c2713654d157,/gear,46.99,Desktop,Organic,True
8cb149c1-d887-4cff-a7dd-8f3e5eb73d22,2024-10-03 16:36:18,6871bd25-152a-4e40-98d1-859de941ac96,/expeditions/mountaineering,50.94,Desktop,Paid,True
2eea3b10-88e4-4009-9300-55eea6a289b4,2024-10-03 12:52:20,9a8819ba-d7e9-461d-ae85-471c146f824f,/contact,8.89,Desktop,Social,True
31a44fea-5ad4-47dd-b051-a2d4fe27a155,2024-10-03 02:50:28,1ab1baac-22ca-4355-b54d-0ade867bc0dd,/expeditions/mountaineering,1.29,Tablet,Social,False
f5e8f708-ecf2-44fd-a9a5-727e75271c76,2024-10-03 15:59:00,13db629b-646a-4e82-97e0-0e5ff313cc0e,/blog/expedition-stories,41.32,Desktop,Direct,True
b6f65229-b5df-41ea-8a9f-5b46a64dda65,2024-10-03 23:35:28,45e31d05-7734-4fc3-85a5-0fb1cfec3616,/blog/expedition-stories,15.96,Mobile,Direct,True
5be076c6-5bfe-4aa8-9611-94984abea2ae,2024-10-03 08:18:20,78838a94-0121-49be-8b91-bc08b43d3c56,/gear,10.13,Mobile,Organic,True
b1fc52e1-1557-4b30-b8dd-bdf3f74392c6,2024-10-03 17:43:04,4b66bbec-1dd8-41c0-b6ae-d2ede5ec13d6,/signup,19.68,Mobile,Organic,True
537e56db-fbf0-4ab8-9a6d-22aa35b74449,2024-10-03 18:49:35,02bac499-acd5-487b-b191-c8eb85edb661,/signup,59.56,Desktop,Paid,True
9cb383ca-bdef-44fb-b419-380f64106e25,2024-10-03 15:43:27,a93f3f64-3104-4b12-9a39-555b5e81b9a4,/blog,43.54,Desktop,Direct,True
516b3e67-7a28-48d8-8655-df3e6ad73da8,2024-10-03 02:33:35,baba02ef-7680-466c-8768-6fb4ec717f8c,/expeditions/routes,40.4,Desktop,Social,False
f4cea043-33c7-4ecd-99e4-cb1f4d161a50,2024-10-03 09:54:38,822b2669-3b29-4c42-a861-d4f659d01b67,/signup,31.73,Tablet,Organic,True
7dc5c8d2-1024-49e4-a01f-87c29c9fbd5c,2024-10-03 14:48:37,44a4b31c-4a3a-4b9c-9cf1-5f9e6167d748,/blog/mountaineering-tips,44.0,Mobile,Paid,True
965c9051-31f0-49ad-8d8c-766dc3dc8dfa,2024-10-03 10:28:51,1c7e61c5-4445-4fef-a254-229d41fae155,/about-us,16.43,Desktop,Direct,False
d347563c-0779-4379-9492-0f53ad667f66,2024-10-03 13:07:24,79e9b520-9894-48cc-befe-5f775d3ff69c,/expeditions,39.1,Tablet,Direct,True
566cb956-f5e2-4329-acec-ea28b15f67ad,2024-10-03 20:05:54,f6942513-5873-408c-93d0-44ca1d2376d3,/expeditions/routes,30.62,Tablet,Paid,True
402716ea-8e26-4c3b-99dc-e5e4c301884e,2024-10-03 01:52:40,9a25a270-2f16-4825-9ca5-1cb60ed90896,/blog/expedition-stories,12.95,Mobile,Direct,False
91669cdd-681f-4c99-8a3c-a1eaa7e9bc9e,2024-10-03 12:30:07,86a031b1-8f64-4a25-93ca-b61c54321536,/expeditions/mountaineering,41.57,Desktop,Paid,False
08342c43-52b9-45ef-a8ce-3df96b9d9657,2024-10-03 19:21:48,41391bc4-1eb9-44b8-9a6c-cdd69bd3ca61,/signup,43.54,Tablet,Direct,True
e8ddff1b-faf2-481c-9941-5bc446fb8074,2024-10-03 02:23:25,d17206b8-2e0b-422a-a94d-4cbe4886b33d,/blog/mountaineering-tips,3.24,Desktop,Organic,True
6880cfd2-e185-4b93-ad5a-8e42ba29a06c,2024-10-03 09:36:10,35f88705-0d54-403c-bedc-509653938938,/contact,12.89,Desktop,Social,True
e3455712-cc7e-4ade-8cf1-865275daca50,2024-10-03 05:39:38,15e56f2d-ea20-49f6-8901-5cff6447bbc8,/expeditions,57.9,Tablet,Direct,False
51adf8f4-63d2-4a12-999a-956714abc260,2024-10-03 02:55:41,15f20dcf-68df-40ca-9756-48d8836ae655,/expeditions,58.41,Mobile,Social,True
7d2d6671-af65-4e51-9bb2-ec42366d0300,2024-10-03 22:52:02,de44e3c5-ad71-4d76-b322-a4bf746f8353,/faq,40.29,Desktop,Direct,False
bb6553a4-0a64-418a-941e-a92e56682a0f,2024-10-03 11:23:58,c2f06d96-06da-4c49-ad14-beeb8f028e6f,/expeditions/mountaineering,57.24,Mobile,Paid,False
4ac45b10-2636-4e1f-a101-aebf363c2229,2024-10-03 06:54:24,54ce4cbe-8c72-4d44-92dd-308838031acb,/expeditions/mountaineering,10.72,Tablet,Direct,True
ac6b2dab-61f4-405b-a9ac-d3e588612e58,2024-10-03 19:38:57,733b0d89-22eb-45fb-84ee-cb8a756bc9d4,/expeditions/rock-climbing,7.42,Mobile,Direct,True
001ea63c-daa3-4f88-be14-6d78d0a11693,2024-10-03 09:00:49,0fe507b0-b6db-4571-aa26-b6b0d58cf95d,/gear/rentals,35.7,Mobile,Social,True
c870d825-75e9-49f1-a911-fc04eb33a8e1,2024-10-03 10:34:54,08471939-de10-4353-98f7-c56c74a4d639,/gear/rentals,12.58,Tablet,Paid,False
c0fbc24c-63c4-4af1-a6a4-d144a332c254,2024-10-03 21:46:13,801d0150-c675-49db-80f4-126437e27b6d,/gear/rentals,21.09,Tablet,Organic,False
4ced9ee4-66d1-4913-9774-94a161ff7e61,2024-10-03 01:54:40,3ca07289-6c6f-4438-8966-aef8471ef57d,/contact,31.09,Tablet,Direct,True
73c13568-8c31-4ced-99c7-0d39c4332b9c,2024-10-03 13:48:16,0b2b5847-07f3-43e8-aba8-d0bf29a3718e,/blog,48.16,Mobile,Paid,False
87d7444f-5a58-4f6f-b4fa-c41d67f83928,2024-10-03 11:19:40,f5eaf440-8a19-4277-a500-dedaa7efaf24,/gear/rentals,31.93,Mobile,Paid,True
e20dc228-2d4d-4d43-86a6-a700816c900a,2024-10-03 05:34:07,96caff7c-a44b-4a52-89d2-b01f29d5ec8e,/gear/purchase,1.74,Tablet,Social,True
0e3af6df-7dbe-4e9f-9be6-960f5e6b25ab,2024-10-03 15:29:02,f6841394-df89-4d57-ad63-3ae9925e58eb,/blog,59.0,Mobile,Social,False
90430c57-95a7-49bd-9c7b-b784de13cb96,2024-10-03 23:21:11,4c3c48a5-1fce-47b6-a845-736f660f9c70,/signup,13.64,Tablet,Organic,True
abf94615-0d62-4316-9cb5-fc70da142a2b,2024-10-03 12:12:34,a2e8567d-45d4-4734-a254-ef8bfa8b2f31,/blog,10.87,Tablet,Paid,True
3adf7a16-de21-4468-a905-d5f84b2411ec,2024-10-03 05:05:17,6c1064d8-e067-4abe-93fb-884e49211e83,/gear/purchase,52.71,Tablet,Paid,False
ec2f018b-05d1-48be-8ad3-42e8a38769ed,2024-10-03 05:21:46,1fbe493f-52d9-499b-834b-67290b2b61e8,/blog/expedition-stories,23.41,Mobile,Social,False
ce4981f5-50ec-49a3-b934-2d6a274be6ec,2024-10-03 08:17:49,c98e4d22-ab30-40b6-8d87-b1c5756daa0e,/blog,18.55,Mobile,Paid,True
f79ba594-a7f9-4c95-876b-864dae16df47,2024-10-03 04:45:09,86a71ffe-7721-4d37-9bf3-b76ac00a2d8f,/expeditions/mountaineering,57.18,Tablet,Organic,True
10e55d36-40fa-4673-badb-e9df5a0ef55c,2024-10-03 00:41:37,23f4f2b7-3ada-42ce-b7ff-7ce30c624cc8,/blog,39.27,Tablet,Organic,True
8f7860e0-b10c-4fb5-af65-9f88f00b5f0e,2024-10-03 19:39:36,b2afb140-cad3-41f5-a7bd-01cf31c1f41c,/expeditions/routes,9.49,Tablet,Organic,True
8434086d-0719-4175-855e-c6ee2c1f3cd5,2024-10-03 17:26:44,43ab0027-d1e1-4bec-9b49-39139ddcbbd9,/contact,33.99,Tablet,Organic,True
bc1853c5-aacd-44dc-ba2b-43d37f0aec40,2024-10-03 03:46:55,ed6865f0-5bf7-4c72-909c-84a1b64ca601,/blog,14.08,Desktop,Paid,False
571c4bc6-8bf2-4bb2-b43a-dba0c2e32f38,2024-10-03 05:50:15,241c2c59-cd43-4d03-a5d4-8a52fd48e9a6,/gear/rentals,30.9,Desktop,Social,False
d02deffb-2b26-4493-9e90-bf638377ffab,2024-10-03 09:18:41,660dac48-2287-40f3-82d4-f08ee30202e4,/signup,40.8,Tablet,Social,True
64a5cf00-78c4-4e2e-8ff0-01937a203272,2024-10-03 03:36:04,a441819d-b952-46d0-9514-75aaf3efd2f6,/about-us,8.05,Desktop,Paid,False
e04d6eb5-e332-4228-bd5b-ef316706ca27,2024-10-03 20:30:58,0c3fcbe4-8f4e-48a8-ba1e-8eea812dfc56,/signup,47.15,Desktop,Social,False
292b2bb6-bf82-4f3e-915a-2b7d57413c58,2024-10-03 12:21:59,22603424-46e3-496b-9437-9f23782e5cdb,/blog/mountaineering-tips,10.85,Desktop,Paid,False
c4d2a3eb-21e8-4334-8822-e382ef7841d0,2024-10-03 11:56:14,e035042e-9c83-4907-a735-a821fd6b318c,/expeditions,25.46,Desktop,Paid,True
10245136-5e8f-4bfc-b712-95b5be7ef49b,2024-10-03 06:54:50,99296539-79eb-4370-8236-2da78e6f3903,/expeditions/rock-climbing,29.16,Tablet,Paid,False
5f768b77-ce4d-4f48-a642-4e38c43a4e5f,2024-10-03 11:49:43,b39f603e-8318-42d4-8f7a-0304d65b0f2f,/expeditions,38.84,Tablet,Paid,False
47b287fb-51bd-4d93-b234-a116267b24fd,2024-10-03 17:36:01,d3e7c148-635e-465f-a156-ae367b953803,/blog,22.13,Mobile,Paid,True
cb1e8563-0cdf-4df2-983e-6be91220b9e5,2024-10-03 01:01:54,561ee120-b18c-47e4-b2fd-f50e754e4d51,/expeditions/routes,57.83,Tablet,Social,False
afcead94-8f3d-4c03-b9de-61abf36d6c96,2024-10-03 13:22:53,a8deedba-5877-46d6-aeb2-fe02c8a2841e,/blog/expedition-stories,18.42,Desktop,Direct,True
1f36e2ad-a90d-43a3-ae95-5add32b98b57,2024-10-03 23:57:07,86bb13ff-3040-4575-8b80-30bb073db225,/expeditions/mountaineering,7.51,Tablet,Paid,False
3bbdd168-8ca6-47cc-96ed-184e32395d83,2024-10-03 01:30:26,aa70aff2-fb9e-43d0-ba89-27359095c25f,/gear,18.05,Desktop,Paid,False
575699d4-31df-447e-93c3-fa87581da8d8,2024-10-03 13:41:05,33d84458-5d69-45fa-8865-9d821e127a59,/faq,35.95,Mobile,Direct,False
71173580-ce69-4139-8791-2df248dc3058,2024-10-03 18:14:23,be200c9d-7929-45ae-ad3f-eac77fb533e7,/faq,16.9,Tablet,Social,False
f18d650b-af4c-41cc-a56e-a95441ad8f41,2024-10-03 18:32:50,d76167b1-33a9-4cfc-84b0-a406e56bcb48,/blog,24.82,Mobile,Organic,False
e758c536-5b41-4ed1-a09f-041387bb21fe,2024-10-03 17:43:49,96dc060b-99c6-46d1-b6f2-90f114d84bce,/expeditions/routes,16.97,Tablet,Organic,True
44082ee9-977f-4067-8b51-f9c1ff9c43ac,2024-10-03 01:45:03,8fcd10d2-0a5c-4b9e-9cf4-16ccce684545,/expeditions/rock-climbing,1.93,Tablet,Organic,True
9205b385-95b7-414c-b220-af0d7d4c0009,2024-10-03 23:37:35,cc5b5fe9-b404-421c-9929-363135f3e8fb,/expeditions/routes,49.29,Mobile,Paid,False
e6ac752f-a6ef-45b7-90aa-43b621b830d7,2024-10-03 11:01:12,21c1bcb1-0258-4237-b3e2-2111894b136d,/expeditions,45.59,Tablet,Social,True
6451c133-1aa5-4f99-ade7-c2c105f183d6,2024-10-03 00:01:16,e0a74447-0129-4dd7-9060-cc5841a9ff30,/gear/purchase,46.12,Desktop,Social,False
81537bad-08ee-4b5e-9d89-750459bd0738,2024-10-03 13:50:36,b55c12ed-d9fe-46ac-a1e7-830a2fb39c96,/home,48.75,Mobile,Direct,True
59bf7153-2aa9-488e-b854-583cb4b60292,2024-10-03 13:18:29,f03301b7-05ac-46b9-9ab3-7cc94217b0ba,/expeditions/routes,53.74,Tablet,Paid,True
cc1344a9-9974-423a-90f2-ea493c2c22e8,2024-10-03 07:04:58,44ce9eaf-5244-4965-b7f9-356cdf3a07a0,/home,45.98,Desktop,Direct,True
67d44355-84b6-40c6-a518-2ae7a4667617,2024-10-03 15:06:31,ae3acd50-2561-4a4d-8f24-1ef6d9019ac3,/contact,35.61,Mobile,Social,False
7ca9cce2-4e69-430a-b238-99e295148dd2,2024-10-03 18:00:31,59a834cb-f418-4aae-8792-65a30b559982,/gear/rentals,9.92,Mobile,Paid,True
1fbefff8-7614-4616-9fa8-ba3086982615,2024-10-03 21:09:43,36641aac-9b3b-4f2b-b18e-adb3c4611ac3,/signup,59.0,Tablet,Paid,False
00cd289b-483f-46ae-b77e-d4deb59e39ca,2024-10-03 20:58:21,4fe3e26c-54f9-41af-abc0-01f1bbd2dcf9,/contact,10.33,Mobile,Organic,False
7ff2731c-2806-4c2f-a142-93cd030f337b,2024-10-03 03:54:19,9deeb496-4146-4997-94fe-26eb9fd116d6,/expeditions/rock-climbing,50.42,Tablet,Social,True
4fa795b0-3456-4036-984d-f3cde3630bc0,2024-10-03 08:07:01,ee518c26-672c-417f-83c3-0526562c512a,/faq,17.83,Tablet,Direct,False
4f09afd7-d280-4385-b2d2-56509c029559,2024-10-03 21:45:40,89574d72-3cb6-4b48-acd3-e916c3512d86,/signup,16.05,Mobile,Paid,True
3152c065-25ef-44f6-adf4-e1af92296b60,2024-10-03 18:33:47,0f78eb49-00ab-440d-b9e7-8a127df45974,/blog/expedition-stories,38.79,Desktop,Social,False
faefdafd-ec8f-4634-badc-5fe632f9b37f,2024-10-03 03:32:02,3bb37f2b-5227-4dd2-bd3a-34d12c93d39a,/gear/rentals,38.99,Desktop,Paid,False
c65b15b5-5f13-4822-98e0-788e57afe735,2024-10-03 03:43:04,982b88e8-cfce-4a25-b901-26af0901e5e0,/signup,1.04,Mobile,Social,True
a49ca62a-8765-4bcb-a9bc-a99b83ed9bf6,2024-10-03 00:47:50,83ca151f-ad99-408f-a336-7ae9f5dec3ae,/contact,15.45,Desktop,Social,False
8a647ab8-7950-4d2c-8db0-0c895762634f,2024-10-03 19:23:36,0f78eb49-00ab-440d-b9e7-8a127df45974,/gear,16.51,Mobile,Direct,True
dde1bc6f-55af-4549-92ae-6febf18b0735,2024-10-03 01:11:05,1291f5e4-9992-4d3d-93cd-2d2cf2388b7a,/gear,54.99,Desktop,Direct,False
872d3561-f2ff-45ce-bf98-ce1057e7b6d7,2024-10-03 02:59:22,8af5aec1-a232-4f59-a3a2-6e2e0c849938,/blog/expedition-stories,15.51,Mobile,Paid,True
b0d72d86-47ea-45b4-8157-a6f7fae1b30f,2024-10-03 07:29:06,71d881e8-2b71-4715-8a0a-29b6664d06ef,/signup,4.32,Desktop,Social,True
27c44845-c62d-4ee0-930a-70145ba89d58,2024-10-03 08:59:17,26d189b3-1821-4267-abbf-5a79c612c295,/blog/expedition-stories,32.57,Desktop,Direct,False
8bceff96-ea77-4c72-bb49-1e62ab4fc40a,2024-10-03 05:45:42,f6c2e9d8-ade5-475a-a178-ac97126d5547,/gear/rentals,21.45,Desktop,Organic,False
a77586fc-61bf-4a4e-8c6a-5bbdac62d558,2024-10-03 13:50:51,f1468e69-584a-4cad-bdf3-67b4c5186bf4,/gear/rentals,51.85,Mobile,Organic,True
d769d6ac-848e-4d2d-b005-2963400b2c04,2024-10-03 20:32:50,3878cf31-a055-4200-8f76-064c3435d84f,/expeditions/rock-climbing,2.78,Tablet,Organic,False
e03b975b-9590-4280-9e03-2219528b0fde,2024-10-03 01:47:23,84d12fcc-c549-415d-99e2-f682fb237d67,/signup,34.05,Mobile,Social,False
6158454b-1b71-4c72-84a4-faad49df1c3e,2024-10-03 09:19:20,de618e12-182b-4509-8325-66daff06ee88,/expeditions/rock-climbing,57.84,Tablet,Social,False
0cd36945-e6ab-4cc3-a4d2-7f9e07109e5d,2024-10-03 20:31:47,5a2dbc7d-55a1-47ec-96d5-3b0412301187,/blog,58.07,Desktop,Social,False
1b8a63e9-aa74-4ef8-aa93-009512feb911,2024-10-03 16:28:39,764e0fb7-0278-4d38-811a-3807ebc6285e,/blog/expedition-stories,45.51,Tablet,Social,True
b842b8ca-6de6-4e5c-b9ff-ec940caceca8,2024-10-03 11:21:13,9691bfc9-98ff-4afe-ac0c-10120a3a0ee3,/gear,47.66,Mobile,Direct,False
2847a3b7-699f-4813-9bfd-d3dbeb8cae17,2024-10-03 02:45:32,08338844-a02e-41ca-8e81-d5834b04cb42,/expeditions,42.98,Desktop,Direct,False
d6a8566b-15a9-4ea5-9769-4e863a515132,2024-10-03 15:51:58,bf513cc8-fbe2-4475-84ce-ae2c0aa79ac6,/home,55.88,Mobile,Direct,False
007f58f5-a7ab-4b16-b27e-e255bd59ecaf,2024-10-03 23:59:25,87c575b8-f3ed-450f-a304-6dbb66c33621,/about-us,50.69,Desktop,Paid,False
9cad3a64-f4f2-4a6c-beff-6bb1fcf77ba9,2024-10-03 21:55:06,9a2efc90-674b-4cbd-953f-15b4a3f1bb84,/expeditions/rock-climbing,1.13,Mobile,Social,False
f84c84e2-8fc5-4125-bf7f-1436680d1892,2024-10-03 12:56:54,0b4856fd-ec82-47bd-bdd6-e0d3d210c5bb,/home,31.7,Tablet,Social,True
e3dec0fc-30e5-4195-ab5d-963e8a591675,2024-10-03 12:40:44,101d8a4e-4e4c-4fec-8dcf-ba98a1b52911,/expeditions,12.46,Tablet,Paid,False
