id,name,breed,age,route,weight_lbs,pack_capacity_lbs,trips_completed,certification_level,years_experience,health_score,temperament,last_trip_date,days_rested,preferred_terrain,daily_rate,total_revenue_ytd,customer_rating,maintenance_cost_ytd,miles_ytd,elevation_gain_ytd
1,Buttercup,Alpine,2,1,142,38,45,Intermediate,1,9,Calm,2026-01-25,3,Valley,28,840,4.6,320,180,9000
2,Clover,Alpine,3,1,155,42,89,Advanced,2,8,Friendly,2026-01-27,1,Valley,35,1225,4.8,380,356,17800
3,Daisy,Alpine,4,2,162,45,124,Advanced,3,8,Hardy,2026-01-24,4,Mountain,42,1680,4.5,420,620,46500
4,Rosie,Alpine,5,3,168,48,178,Expert,4,7,Adaptable,2026-01-26,2,Alpine,52,2340,4.7,480,1068,96120
5,Poppy,Alpine,2,1,138,36,38,Intermediate,1,9,Friendly,2026-01-23,5,Valley,26,728,4.4,310,152,7600
6,Luna,Alpine,3,1,151,41,76,Advanced,2,9,Calm,2026-01-28,0,Valley,34,1088,4.9,350,304,15200
7,Stella,Alpine,4,2,159,44,118,Advanced,3,8,Hardy,2026-01-22,6,Mountain,41,1558,4.6,410,590,44250
8,Hazel,Alpine,5,3,165,47,165,Expert,4,7,Adaptable,2026-01-27,1,Alpine,50,2250,4.5,490,990,89100
9,Ruby,Alpine,6,3,170,49,210,Expert,5,6,Hardy,2026-01-25,3,Alpine,55,2750,4.8,540,1260,113400
10,Willow,Alpine,3,1,148,40,82,Advanced,2,8,Calm,2026-01-26,2,Valley,33,1056,4.7,360,328,16400
11,Maple,Alpine,4,2,160,44,115,Advanced,3,9,Friendly,2026-01-24,4,Mountain,40,1520,4.6,400,575,43125
12,Sage,Alpine,5,3,166,47,172,Expert,4,7,Hardy,2026-01-28,0,Alpine,51,2193,4.4,485,1032,92880
13,Ivy,Alpine,2,1,140,37,42,Intermediate,1,9,Adaptable,2026-01-27,1,Valley,27,810,4.5,315,168,8400
14,Fern,Alpine,3,1,153,41,85,Advanced,2,8,Calm,2026-01-25,3,Valley,34,1156,4.8,370,340,17000
15,Basil,Alpine,4,2,158,43,121,Advanced,3,8,Hardy,2026-01-23,5,Mountain,41,1599,4.5,415,605,45375
16,Mint,Alpine,5,3,167,48,168,Expert,4,8,Friendly,2026-01-26,2,Alpine,51,2244,4.7,470,1008,90720
17,Thyme,Alpine,6,3,169,49,205,Expert,5,6,Adaptable,2026-01-24,4,Alpine,54,2700,4.6,535,1230,110700
18,Parsley,Alpine,3,1,150,40,78,Advanced,2,9,Calm,2026-01-28,0,Valley,33,1023,4.9,355,312,15600
19,Rosemary,Alpine,4,2,161,45,119,Advanced,3,8,Hardy,2026-01-27,1,Mountain,42,1596,4.5,405,595,44625
20,Lavender,Alpine,5,3,164,46,175,Expert,4,7,Friendly,2026-01-25,3,Alpine,50,2275,4.8,495,1050,94500
21,Jasmine,Alpine,2,1,139,37,40,Intermediate,1,10,Calm,2026-01-26,2,Valley,27,783,4.6,305,160,8000
22,Violet,Alpine,3,1,152,41,81,Advanced,2,8,Friendly,2026-01-24,4,Valley,34,1107,4.7,365,324,16200
23,Lily,Alpine,4,2,157,43,116,Advanced,3,9,Hardy,2026-01-22,6,Mountain,40,1520,4.4,395,580,43500
24,Rose,Alpine,5,3,166,47,170,Expert,4,7,Adaptable,2026-01-27,1,Alpine,51,2210,4.6,485,1020,91800
25,Daisy2,Alpine,6,3,168,48,198,Expert,5,6,Calm,2026-01-25,3,Alpine,53,2597,4.8,530,1188,106920
26,Tulip,Alpine,3,1,149,40,74,Intermediate,2,9,Friendly,2026-01-28,0,Valley,32,960,4.9,345,296,14800
27,Orchid,Alpine,4,2,160,44,122,Advanced,3,8,Hardy,2026-01-26,2,Mountain,41,1599,4.5,410,610,45750
28,Peony,Alpine,5,3,165,47,169,Expert,4,8,Adaptable,2026-01-24,4,Alpine,50,2197,4.7,475,1014,91260
29,Zinnia,Alpine,2,1,141,38,44,Intermediate,1,9,Calm,2026-01-23,5,Valley,28,812,4.4,320,176,8800
30,Marigold,Alpine,3,1,154,42,88,Advanced,2,8,Friendly,2026-01-27,1,Valley,35,1190,4.8,375,352,17600
31,Thunder,Nubian,4,3,215,58,135,Advanced,3,8,Energetic,2026-01-26,2,Alpine,48,1920,4.5,520,810,72900
32,Lightning,Nubian,5,3,228,62,182,Expert,4,7,Vocal,2026-01-28,0,Alpine,56,2520,4.7,580,1092,98280
33,Storm,Nubian,6,3,242,66,225,Expert,5,6,Energetic,2026-01-25,3,Alpine,62,3100,4.8,640,1350,121500
34,Blaze,Nubian,4,3,218,59,138,Advanced,3,8,Vocal,2026-01-24,4,Alpine,49,1960,4.4,525,828,74520
35,Rocket,Nubian,5,3,232,63,188,Expert,4,7,Energetic,2026-01-27,1,Alpine,57,2622,4.6,590,1128,101520
36,Titan,Nubian,6,3,245,67,230,Expert,5,6,Strong,2026-01-26,2,Alpine,63,3213,4.9,650,1380,124200
37,Atlas,Nubian,4,3,220,60,140,Advanced,3,9,Vocal,2026-01-23,5,Alpine,49,2009,4.5,515,840,75600
38,Hercules,Nubian,5,3,235,64,185,Expert,4,7,Energetic,2026-01-28,0,Alpine,58,2610,4.7,595,1110,99900
39,Zeus,Nubian,6,3,248,68,235,Expert,5,7,Strong,2026-01-25,3,Alpine,64,3328,4.8,620,1410,126900
40,Apollo,Nubian,4,3,212,57,132,Advanced,3,8,Vocal,2026-01-27,1,Alpine,47,1880,4.6,510,792,71280
41,Ares,Nubian,5,3,230,62,180,Expert,4,8,Energetic,2026-01-24,4,Alpine,56,2464,4.4,570,1080,97200
42,Odin,Nubian,6,3,240,65,220,Expert,5,6,Strong,2026-01-26,2,Alpine,61,3050,4.7,635,1320,118800
43,Thor,Nubian,4,3,222,60,142,Advanced,3,8,Vocal,2026-01-22,6,Alpine,50,2050,4.5,520,852,76680
44,Loki,Nubian,5,3,226,61,176,Expert,4,7,Energetic,2026-01-28,0,Alpine,55,2365,4.8,575,1056,95040
45,Freya,Nubian,6,3,238,65,218,Expert,5,7,Calm,2026-01-25,3,Alpine,60,2940,4.9,610,1308,117720
46,Valkyrie,Nubian,4,3,216,58,136,Advanced,3,9,Energetic,2026-01-27,1,Alpine,48,1920,4.6,505,816,73440
47,Ranger,Nubian,5,3,234,64,190,Expert,4,7,Vocal,2026-01-24,4,Alpine,58,2668,4.5,600,1140,102600
48,Scout,Nubian,6,3,244,66,228,Expert,5,6,Energetic,2026-01-26,2,Alpine,63,3150,4.7,645,1368,123120
49,Hunter,Nubian,4,3,210,56,130,Advanced,3,8,Strong,2026-01-23,5,Alpine,46,1840,4.4,500,780,70200
50,Tracker,Nubian,5,3,229,62,184,Expert,4,8,Vocal,2026-01-28,0,Alpine,56,2576,4.8,585,1104,99360
51,Summit,Nubian,6,3,246,67,232,Expert,5,6,Energetic,2026-01-25,3,Alpine,64,3264,4.6,655,1392,125280
52,Peak,Nubian,4,3,214,58,134,Advanced,3,8,Strong,2026-01-27,1,Alpine,47,1927,4.9,515,804,72360
53,Ridge,Nubian,5,3,231,63,186,Expert,4,7,Vocal,2026-01-24,4,Alpine,57,2565,4.5,590,1116,100440
54,Cliff,Nubian,6,3,243,66,226,Expert,5,7,Energetic,2026-01-26,2,Alpine,62,3100,4.7,630,1356,122040
55,Boulder,Nubian,4,3,219,59,139,Advanced,3,8,Strong,2026-01-22,6,Alpine,49,1960,4.4,525,834,75060
56,Rocky,Nubian,5,3,233,63,187,Expert,4,7,Vocal,2026-01-28,0,Alpine,57,2622,4.8,595,1122,100980
57,Stone,Nubian,6,3,247,67,233,Expert,5,6,Energetic,2026-01-25,3,Alpine,64,3328,4.6,660,1398,125820
58,Granite,Nubian,4,3,221,60,141,Advanced,3,9,Strong,2026-01-27,1,Alpine,50,2000,4.9,510,846,76140
59,Slate,Nubian,5,3,227,61,178,Expert,4,8,Vocal,2026-01-24,4,Alpine,55,2420,4.5,580,1068,96120
60,Flint,Nubian,6,3,241,65,222,Expert,5,6,Energetic,2026-01-26,2,Alpine,61,3111,4.7,640,1332,119880
61,Pebbles,Saanen,1,1,148,38,18,Beginner,0,10,Docile,2026-01-25,3,Valley,22,330,4.3,280,72,3600
62,Bubbles,Saanen,1,1,152,39,22,Intermediate,0,10,Calm,2026-01-28,0,Valley,24,384,4.5,290,88,4400
63,Giggles,Saanen,2,1,162,42,52,Intermediate,1,9,Docile,2026-01-26,2,Valley,28,840,4.6,320,208,10400
64,Wiggles,Saanen,1,1,150,39,20,Beginner,0,10,Calm,2026-01-24,4,Valley,23,345,4.4,285,80,4000
65,Snuggles,Saanen,2,1,165,43,58,Intermediate,1,9,Docile,2026-01-27,1,Valley,29,928,4.7,330,232,11600
66,Cuddles,Saanen,1,1,146,38,16,Beginner,0,10,Calm,2026-01-23,5,Valley,21,294,4.2,275,64,3200
67,Noodles,Saanen,2,1,160,41,48,Intermediate,1,9,Docile,2026-01-28,0,Valley,27,783,4.8,315,192,9600
68,Doodles,Saanen,1,1,154,40,24,Intermediate,0,10,Calm,2026-01-25,3,Valley,24,408,4.5,295,96,4800
69,Sprinkles,Saanen,2,1,168,44,62,Intermediate,1,9,Docile,2026-01-26,2,Valley,30,990,4.6,335,248,12400
70,Twinkles,Saanen,1,1,149,38,19,Beginner,0,10,Calm,2026-01-24,4,Valley,22,352,4.4,282,76,3800
71,Sparkles,Saanen,2,1,163,42,54,Intermediate,1,10,Docile,2026-01-27,1,Valley,28,868,4.9,325,216,10800
72,Dimples,Saanen,1,1,151,39,21,Intermediate,0,10,Calm,2026-01-22,6,Valley,23,368,4.3,288,84,4200
73,Ripples,Saanen,2,1,166,43,56,Intermediate,1,9,Docile,2026-01-28,0,Valley,29,899,4.7,328,224,11200
74,Pickles,Saanen,1,1,147,38,17,Beginner,0,10,Calm,2026-01-25,3,Valley,21,315,4.5,278,68,3400
75,Freckles,Saanen,2,1,161,42,50,Intermediate,1,9,Docile,2026-01-26,2,Valley,27,810,4.6,318,200,10000
76,Buttons,Saanen,1,1,153,40,23,Intermediate,0,10,Calm,2026-01-24,4,Valley,24,384,4.4,292,92,4600
77,Mittens,Saanen,2,1,167,44,60,Intermediate,1,9,Docile,2026-01-27,1,Valley,30,960,4.8,332,240,12000
78,Biscuit,Saanen,1,1,148,38,18,Beginner,0,10,Calm,2026-01-23,5,Valley,22,330,4.3,280,72,3600
79,Cookie,Saanen,2,1,164,43,55,Intermediate,1,9,Docile,2026-01-28,0,Valley,29,870,4.7,326,220,11000
80,Muffin,Saanen,1,1,150,39,20,Beginner,0,10,Calm,2026-01-25,3,Valley,23,345,4.5,285,80,4000
81,Waffles,Saanen,2,1,169,44,64,Intermediate,1,9,Docile,2026-01-26,2,Valley,30,1020,4.6,338,256,12800
82,Pancake,Saanen,1,1,152,39,22,Intermediate,0,10,Calm,2026-01-24,4,Valley,24,384,4.4,290,88,4400
83,Honey,Saanen,2,1,162,42,52,Intermediate,1,10,Docile,2026-01-27,1,Valley,28,840,4.9,320,208,10400
84,Sugar,Saanen,1,1,146,38,16,Beginner,0,10,Calm,2026-01-22,6,Valley,21,294,4.2,275,64,3200
85,Sweetie,Saanen,2,1,165,43,58,Intermediate,1,9,Docile,2026-01-28,0,Valley,29,928,4.8,330,232,11600
86,Candy,Saanen,1,1,149,38,19,Beginner,0,10,Calm,2026-01-25,3,Valley,22,352,4.5,282,76,3800
87,Taffy,Saanen,2,1,160,41,48,Intermediate,1,9,Docile,2026-01-26,2,Valley,27,783,4.6,315,192,9600
88,Marshmallow,Saanen,1,1,154,40,24,Intermediate,0,10,Calm,2026-01-24,4,Valley,24,408,4.4,295,96,4800
89,Jellybean,Saanen,2,1,168,44,62,Intermediate,1,9,Docile,2026-01-27,1,Valley,30,990,4.7,335,248,12400
90,Gumdrop,Saanen,1,1,151,39,21,Intermediate,0,10,Calm,2026-01-23,5,Valley,23,368,4.3,288,84,4200
91,Ace,Boer,3,2,225,62,95,Advanced,2,8,Steady,2026-01-28,0,Mountain,44,1760,4.6,480,475,35625
92,Duke,Boer,4,2,248,68,130,Advanced,3,8,Strong,2026-01-26,2,Mountain,50,2050,4.5,530,650,48750
93,King,Boer,3,2,230,63,98,Advanced,2,9,Steady,2026-01-25,3,Mountain,45,1800,4.8,490,490,36750
94,Prince,Boer,4,2,252,69,135,Advanced,3,8,Strong,2026-01-27,1,Mountain,51,2142,4.6,540,675,50625
95,Baron,Boer,3,2,222,61,92,Advanced,2,8,Steady,2026-01-24,4,Mountain,43,1677,4.4,475,460,34500
96,Earl,Boer,4,2,245,67,128,Advanced,3,9,Strong,2026-01-28,0,Mountain,49,1960,4.7,525,640,48000
97,Knight,Boer,3,2,228,62,96,Advanced,2,8,Steady,2026-01-26,2,Mountain,44,1760,4.5,485,480,36000
98,Captain,Boer,4,2,250,68,132,Advanced,3,8,Strong,2026-01-25,3,Mountain,50,2100,4.8,535,660,49500
99,Major,Boer,3,2,232,64,100,Advanced,2,9,Steady,2026-01-27,1,Mountain,45,1845,4.6,495,500,37500
100,Colonel,Boer,4,2,255,70,138,Advanced,3,8,Strong,2026-01-24,4,Mountain,52,2184,4.4,545,690,51750
101,General,Boer,3,2,220,60,90,Advanced,2,8,Steady,2026-01-28,0,Mountain,42,1638,4.7,470,450,33750
102,Admiral,Boer,4,2,246,67,129,Advanced,3,9,Strong,2026-01-26,2,Mountain,49,1960,4.5,528,645,48375
103,Chief,Boer,3,2,226,62,94,Advanced,2,8,Steady,2026-01-25,3,Mountain,44,1716,4.8,482,470,35250
104,Boss,Boer,4,2,251,69,134,Advanced,3,8,Strong,2026-01-27,1,Mountain,51,2091,4.6,538,670,50250
105,Leader,Boer,3,2,224,61,93,Advanced,2,8,Steady,2026-01-24,4,Mountain,43,1677,4.4,478,465,34875
106,Commander,Boer,4,2,248,68,131,Advanced,3,9,Strong,2026-01-28,0,Mountain,50,2050,4.7,532,655,49125
107,Marshal,Boer,3,2,229,63,97,Advanced,2,9,Steady,2026-01-26,2,Mountain,45,1755,4.5,488,485,36375
108,Sheriff,Boer,4,2,253,69,136,Advanced,3,8,Strong,2026-01-25,3,Mountain,51,2142,4.8,542,680,51000
109,Deputy,Boer,3,2,221,60,91,Advanced,2,8,Steady,2026-01-27,1,Mountain,42,1638,4.6,472,455,34125
110,Ranger2,Boer,4,2,247,67,130,Advanced,3,8,Strong,2026-01-24,4,Mountain,49,1960,4.4,530,650,48750
111,Trooper,Boer,3,2,227,62,95,Advanced,2,9,Steady,2026-01-28,0,Mountain,44,1760,4.7,484,475,35625
112,Sergeant,Boer,4,2,254,70,137,Advanced,3,9,Strong,2026-01-26,2,Mountain,52,2132,4.5,544,685,51375
113,Corporal,Boer,3,2,223,61,93,Advanced,2,8,Steady,2026-01-25,3,Mountain,43,1677,4.8,476,465,34875
114,Private,Boer,4,2,249,68,133,Advanced,3,8,Strong,2026-01-27,1,Mountain,50,2100,4.6,536,665,49875
115,Cadet,Boer,3,2,218,60,88,Advanced,2,8,Steady,2026-01-24,4,Mountain,41,1599,4.4,465,440,33000
116,Recruit,Boer,4,2,244,67,127,Advanced,3,8,Strong,2026-01-28,0,Mountain,48,1920,4.7,522,635,47625
117,Veteran,Boer,3,2,231,63,99,Advanced,2,9,Steady,2026-01-26,2,Mountain,45,1800,4.5,492,495,37125
118,Champion,Boer,4,2,256,70,140,Advanced,3,9,Strong,2026-01-25,3,Mountain,53,2226,4.9,548,700,52500
119,Victor,Boer,3,2,225,62,95,Advanced,2,8,Steady,2026-01-27,1,Mountain,44,1760,4.6,480,475,35625
120,Winner,Boer,4,2,250,68,132,Advanced,3,8,Strong,2026-01-24,4,Mountain,50,2100,4.4,535,660,49500
121,Flash,LaMancha,2,2,135,36,48,Intermediate,1,9,Curious,2026-01-28,0,Mountain,30,960,4.6,340,240,18000
122,Dash,LaMancha,3,2,145,39,82,Advanced,2,8,Quick,2026-01-26,2,Mountain,36,1296,4.5,380,410,30750
123,Zoom,LaMancha,2,2,138,37,52,Intermediate,1,9,Curious,2026-01-25,3,Mountain,31,1023,4.8,348,260,19500
124,Swift,LaMancha,3,2,148,40,86,Advanced,2,9,Quick,2026-01-27,1,Mountain,37,1369,4.6,388,430,32250
125,Quick,LaMancha,2,2,132,35,45,Intermediate,1,10,Curious,2026-01-24,4,Mountain,29,899,4.4,335,225,16875
126,Rapid,LaMancha,3,2,142,38,78,Advanced,2,8,Quick,2026-01-28,0,Mountain,35,1225,4.7,375,390,29250
127,Speedy,LaMancha,2,2,136,36,50,Intermediate,1,9,Curious,2026-01-26,2,Mountain,30,990,4.5,345,250,18750
128,Turbo,LaMancha,3,2,146,39,84,Advanced,2,8,Quick,2026-01-25,3,Mountain,36,1332,4.8,382,420,31500
129,Nitro,LaMancha,2,2,140,38,54,Intermediate,1,9,Curious,2026-01-27,1,Mountain,32,1056,4.6,352,270,20250
130,Bolt,LaMancha,3,2,150,41,90,Advanced,2,9,Quick,2026-01-24,4,Mountain,38,1444,4.4,392,450,33750
131,Arrow,LaMancha,2,2,133,35,46,Intermediate,1,10,Curious,2026-01-28,0,Mountain,29,928,4.7,338,230,17250
132,Bullet,LaMancha,3,2,144,39,80,Advanced,2,8,Quick,2026-01-26,2,Mountain,35,1260,4.5,378,400,30000
133,Comet,LaMancha,2,2,137,37,51,Intermediate,1,9,Curious,2026-01-25,3,Mountain,31,992,4.8,346,255,19125
134,Meteor,LaMancha,3,2,147,40,85,Advanced,2,8,Quick,2026-01-27,1,Mountain,37,1332,4.6,385,425,31875
135,Streak,LaMancha,2,2,134,36,47,Intermediate,1,9,Curious,2026-01-24,4,Mountain,30,930,4.4,340,235,17625
136,Blitz,LaMancha,3,2,149,40,88,Advanced,2,9,Quick,2026-01-28,0,Mountain,38,1406,4.7,390,440,33000
137,Rush,LaMancha,2,2,139,37,53,Intermediate,1,9,Curious,2026-01-26,2,Mountain,32,1024,4.5,350,265,19875
138,Hurry,LaMancha,3,2,143,38,79,Advanced,2,8,Quick,2026-01-25,3,Mountain,35,1225,4.8,376,395,29625
139,Hustle,LaMancha,2,2,131,35,44,Intermediate,1,10,Curious,2026-01-27,1,Mountain,29,870,4.6,332,220,16500
140,Sprint,LaMancha,3,2,151,41,92,Advanced,2,8,Quick,2026-01-24,4,Mountain,39,1482,4.4,395,460,34500
141,Racer,LaMancha,2,2,136,36,49,Intermediate,1,9,Curious,2026-01-28,0,Mountain,30,960,4.7,345,245,18375
142,Runner,LaMancha,3,2,145,39,83,Advanced,2,9,Quick,2026-01-26,2,Mountain,36,1296,4.5,382,415,31125
143,Jogger,LaMancha,2,2,138,37,52,Intermediate,1,9,Curious,2026-01-25,3,Mountain,31,1023,4.8,348,260,19500
144,Pacer,LaMancha,3,2,148,40,87,Advanced,2,8,Quick,2026-01-27,1,Mountain,37,1369,4.6,388,435,32625
145,Strider,LaMancha,2,2,133,35,46,Intermediate,1,9,Curious,2026-01-24,4,Mountain,29,928,4.4,338,230,17250
146,Gallop,LaMancha,3,2,146,39,84,Advanced,2,9,Quick,2026-01-28,0,Mountain,36,1332,4.7,384,420,31500
147,Trot,LaMancha,2,2,140,38,55,Intermediate,1,10,Curious,2026-01-26,2,Mountain,32,1088,4.5,355,275,20625
148,Canter,LaMancha,3,2,150,41,91,Advanced,2,8,Quick,2026-01-25,3,Mountain,38,1482,4.8,392,455,34125
149,Lope,LaMancha,2,2,135,36,48,Intermediate,1,9,Curious,2026-01-27,1,Mountain,30,960,4.6,342,240,18000
150,Bound,LaMancha,3,2,144,39,81,Advanced,2,8,Quick,2026-01-24,4,Mountain,35,1260,4.4,380,405,30375
151,Shadow,Kiko,4,3,168,46,125,Advanced,3,8,Independent,2026-01-28,0,Alpine,45,1845,4.6,450,750,67500
152,Ghost,Kiko,5,3,182,50,168,Expert,4,7,Rugged,2026-01-26,2,Alpine,52,2288,4.5,510,1008,90720
153,Phantom,Kiko,4,3,172,47,128,Advanced,3,8,Independent,2026-01-25,3,Alpine,46,1886,4.8,458,768,69120
154,Spirit,Kiko,5,3,186,51,172,Expert,4,8,Rugged,2026-01-27,1,Alpine,53,2332,4.6,520,1032,92880
155,Mystic,Kiko,4,3,165,45,122,Advanced,3,9,Independent,2026-01-24,4,Alpine,44,1760,4.4,445,732,65880
156,Magic,Kiko,5,3,180,49,165,Expert,4,7,Rugged,2026-01-28,0,Alpine,51,2193,4.7,505,990,89100
157,Wizard,Kiko,4,3,170,46,126,Advanced,3,8,Independent,2026-01-26,2,Alpine,45,1845,4.5,455,756,68040
158,Merlin,Kiko,5,3,184,50,170,Expert,4,7,Rugged,2026-01-25,3,Alpine,52,2288,4.8,515,1020,91800
159,Gandalf,Kiko,4,3,175,48,130,Advanced,3,8,Independent,2026-01-27,1,Alpine,47,1927,4.6,465,780,70200
160,Dumbledore,Kiko,5,3,188,52,175,Expert,4,8,Rugged,2026-01-24,4,Alpine,54,2376,4.4,525,1050,94500
161,Raven,Kiko,4,3,166,45,123,Advanced,3,9,Independent,2026-01-28,0,Alpine,44,1760,4.7,448,738,66420
162,Crow,Kiko,5,3,181,49,166,Expert,4,7,Rugged,2026-01-26,2,Alpine,51,2193,4.5,508,996,89640
163,Hawk,Kiko,4,3,171,47,127,Advanced,3,8,Independent,2026-01-25,3,Alpine,46,1886,4.8,456,762,68580
164,Eagle,Kiko,5,3,185,51,171,Expert,4,7,Rugged,2026-01-27,1,Alpine,53,2279,4.6,518,1026,92340
165,Falcon,Kiko,4,3,168,46,124,Advanced,3,8,Independent,2026-01-24,4,Alpine,45,1800,4.4,452,744,66960
166,Osprey,Kiko,5,3,183,50,169,Expert,4,8,Rugged,2026-01-28,0,Alpine,52,2288,4.7,512,1014,91260
167,Condor,Kiko,4,3,174,48,129,Advanced,3,9,Independent,2026-01-26,2,Alpine,47,1927,4.5,462,774,69660
168,Vulture,Kiko,5,3,187,51,173,Expert,4,7,Rugged,2026-01-25,3,Alpine,53,2332,4.8,522,1038,93420
169,Owl,Kiko,4,3,167,46,124,Advanced,3,8,Independent,2026-01-27,1,Alpine,45,1800,4.6,450,744,66960
170,Nighthawk,Kiko,5,3,182,50,168,Expert,4,7,Rugged,2026-01-24,4,Alpine,52,2288,4.4,510,1008,90720
171,Midnight,Kiko,4,3,170,46,126,Advanced,3,8,Independent,2026-01-28,0,Alpine,45,1845,4.7,455,756,68040
172,Twilight,Kiko,5,3,185,51,171,Expert,4,8,Rugged,2026-01-26,2,Alpine,53,2279,4.5,518,1026,92340
173,Dusk,Kiko,4,3,169,46,125,Advanced,3,9,Independent,2026-01-25,3,Alpine,45,1845,4.8,453,750,67500
174,Dawn,Kiko,5,3,183,50,169,Expert,4,7,Rugged,2026-01-27,1,Alpine,52,2288,4.6,512,1014,91260
175,Eclipse,Kiko,4,3,173,47,128,Advanced,3,8,Independent,2026-01-24,4,Alpine,46,1886,4.4,460,768,69120
176,Solstice,Kiko,5,3,186,51,172,Expert,4,7,Rugged,2026-01-28,0,Alpine,53,2332,4.7,520,1032,92880
177,Equinox,Kiko,4,3,168,46,124,Advanced,3,8,Independent,2026-01-26,2,Alpine,45,1800,4.5,452,744,66960
178,Nebula,Kiko,5,3,184,50,170,Expert,4,8,Rugged,2026-01-25,3,Alpine,52,2288,4.8,515,1020,91800
179,Galaxy,Kiko,4,3,172,47,127,Advanced,3,9,Independent,2026-01-27,1,Alpine,46,1886,4.6,458,762,68580
180,Cosmos,Kiko,5,3,188,52,175,Expert,4,7,Rugged,2026-01-24,4,Alpine,54,2376,4.4,525,1050,94500
181,Pepper,Nigerian Dwarf,1,1,55,14,15,Beginner,0,10,Friendly,2026-01-28,0,Valley,18,252,4.5,220,60,3000
182,Salt,Nigerian Dwarf,2,1,62,16,38,Intermediate,1,9,Playful,2026-01-26,2,Valley,22,616,4.6,250,152,7600
183,Cinnamon,Nigerian Dwarf,1,1,58,15,18,Beginner,0,10,Friendly,2026-01-25,3,Valley,19,304,4.4,228,72,3600
184,Nutmeg,Nigerian Dwarf,2,1,65,17,42,Intermediate,1,9,Playful,2026-01-27,1,Valley,23,690,4.7,258,168,8400
185,Ginger,Nigerian Dwarf,1,1,54,14,14,Beginner,0,10,Friendly,2026-01-24,4,Valley,17,238,4.3,218,56,2800
186,Clove,Nigerian Dwarf,2,1,60,15,36,Intermediate,1,9,Playful,2026-01-28,0,Valley,21,567,4.8,245,144,7200
187,Basil2,Nigerian Dwarf,1,1,57,14,17,Beginner,0,10,Friendly,2026-01-26,2,Valley,18,288,4.5,225,68,3400
188,Oregano,Nigerian Dwarf,2,1,64,16,40,Intermediate,1,9,Playful,2026-01-25,3,Valley,22,660,4.6,255,160,8000
189,Rosemary2,Nigerian Dwarf,1,1,56,14,16,Beginner,0,10,Friendly,2026-01-27,1,Valley,18,270,4.4,222,64,3200
190,Thyme2,Nigerian Dwarf,2,1,63,16,39,Intermediate,1,10,Playful,2026-01-24,4,Valley,22,638,4.9,252,156,7800
191,Sage2,Nigerian Dwarf,1,1,55,14,15,Beginner,0,10,Friendly,2026-01-28,0,Valley,18,252,4.7,220,60,3000
192,Mint2,Nigerian Dwarf,2,1,61,16,37,Intermediate,1,9,Playful,2026-01-26,2,Valley,21,588,4.5,248,148,7400
193,Parsley2,Nigerian Dwarf,1,1,58,15,18,Beginner,0,10,Friendly,2026-01-25,3,Valley,19,304,4.8,228,72,3600
194,Cilantro,Nigerian Dwarf,2,1,66,17,44,Intermediate,1,9,Playful,2026-01-27,1,Valley,23,736,4.6,262,176,8800
195,Dill,Nigerian Dwarf,1,1,54,14,14,Beginner,0,10,Friendly,2026-01-24,4,Valley,17,238,4.4,218,56,2800
196,Fennel,Nigerian Dwarf,2,1,62,16,38,Intermediate,1,9,Playful,2026-01-28,0,Valley,22,616,4.7,250,152,7600
197,Anise,Nigerian Dwarf,1,1,57,14,17,Beginner,0,10,Friendly,2026-01-26,2,Valley,18,288,4.5,225,68,3400
198,Cumin,Nigerian Dwarf,2,1,64,16,41,Intermediate,1,9,Playful,2026-01-25,3,Valley,22,682,4.8,256,164,8200
199,Cardamom,Nigerian Dwarf,1,1,56,14,16,Beginner,0,10,Friendly,2026-01-27,1,Valley,18,270,4.6,222,64,3200
200,Saffron,Nigerian Dwarf,2,1,63,16,39,Intermediate,1,10,Playful,2026-01-24,4,Valley,22,638,4.4,252,156,7800
201,Turmeric,Nigerian Dwarf,1,1,55,14,15,Beginner,0,10,Friendly,2026-01-28,0,Valley,18,252,4.7,220,60,3000
202,Paprika,Nigerian Dwarf,2,1,61,16,37,Intermediate,1,9,Playful,2026-01-26,2,Valley,21,588,4.5,248,148,7400
203,Cayenne,Nigerian Dwarf,1,1,58,15,18,Beginner,0,10,Friendly,2026-01-25,3,Valley,19,304,4.8,228,72,3600
204,Chili,Nigerian Dwarf,2,1,65,17,42,Intermediate,1,9,Playful,2026-01-27,1,Valley,23,690,4.6,258,168,8400
205,Curry,Nigerian Dwarf,1,1,54,14,14,Beginner,0,10,Friendly,2026-01-24,4,Valley,17,238,4.4,218,56,2800
206,Masala,Nigerian Dwarf,2,1,60,15,36,Intermediate,1,9,Playful,2026-01-28,0,Valley,21,567,4.7,245,144,7200
207,Wasabi,Nigerian Dwarf,1,1,57,14,17,Beginner,0,10,Friendly,2026-01-26,2,Valley,18,288,4.5,225,68,3400
208,Sriracha,Nigerian Dwarf,2,1,64,16,40,Intermediate,1,9,Playful,2026-01-25,3,Valley,22,660,4.8,255,160,8000
209,Tabasco,Nigerian Dwarf,1,1,56,14,16,Beginner,0,10,Friendly,2026-01-27,1,Valley,18,270,4.6,222,64,3200
210,Habanero,Nigerian Dwarf,2,1,63,16,39,Intermediate,1,10,Playful,2026-01-24,4,Valley,22,638,4.4,252,156,7800
211,Amber,Oberhasli,5,3,142,39,158,Expert,4,7,Alert,2026-01-28,0,Alpine,48,2016,4.6,440,948,85320
212,Topaz,Oberhasli,6,3,148,41,195,Expert,5,6,Mature,2026-01-26,2,Alpine,52,2496,4.5,490,1170,105300
213,Ruby2,Oberhasli,5,3,140,38,155,Expert,4,7,Alert,2026-01-25,3,Alpine,47,1927,4.8,435,930,83700
214,Emerald,Oberhasli,6,3,146,40,190,Expert,5,6,Mature,2026-01-27,1,Alpine,51,2397,4.6,485,1140,102600
215,Sapphire,Oberhasli,5,3,144,40,160,Expert,4,8,Alert,2026-01-24,4,Alpine,49,2058,4.4,445,960,86400
216,Diamond,Oberhasli,6,3,150,42,200,Expert,5,7,Mature,2026-01-28,0,Alpine,54,2646,4.7,500,1200,108000
217,Pearl,Oberhasli,5,3,138,38,152,Expert,4,7,Alert,2026-01-26,2,Alpine,46,1840,4.5,430,912,82080
218,Opal,Oberhasli,6,3,147,41,192,Expert,5,6,Mature,2026-01-25,3,Alpine,51,2397,4.8,488,1152,103680
219,Jade,Oberhasli,5,3,143,39,158,Expert,4,7,Alert,2026-01-27,1,Alpine,48,2016,4.6,442,948,85320
220,Onyx,Oberhasli,6,3,149,41,198,Expert,5,6,Mature,2026-01-24,4,Alpine,53,2597,4.4,495,1188,106920
221,Garnet,Oberhasli,5,3,141,39,156,Expert,4,8,Alert,2026-01-28,0,Alpine,47,1974,4.7,438,936,84240
222,Amethyst,Oberhasli,6,3,148,41,194,Expert,5,7,Mature,2026-01-26,2,Alpine,52,2496,4.5,490,1164,104760
223,Citrine,Oberhasli,5,3,139,38,153,Expert,4,7,Alert,2026-01-25,3,Alpine,46,1886,4.8,432,918,82620
224,Peridot,Oberhasli,6,3,146,40,191,Expert,5,6,Mature,2026-01-27,1,Alpine,51,2397,4.6,486,1146,103140
225,Aquamarine,Oberhasli,5,3,144,40,159,Expert,4,7,Alert,2026-01-24,4,Alpine,49,2009,4.4,444,954,85860
226,Turquoise,Oberhasli,6,3,150,42,199,Expert,5,6,Mature,2026-01-28,0,Alpine,54,2646,4.7,498,1194,107460
227,Coral,Oberhasli,5,3,140,38,154,Expert,4,8,Alert,2026-01-26,2,Alpine,47,1880,4.5,436,924,83160
228,Jasper,Oberhasli,6,3,147,41,193,Expert,5,7,Mature,2026-01-25,3,Alpine,51,2448,4.8,488,1158,104220
229,Quartz,Oberhasli,5,3,142,39,157,Expert,4,7,Alert,2026-01-27,1,Alpine,48,2016,4.6,440,942,84780
230,Crystal,Oberhasli,6,3,149,41,197,Expert,5,6,Mature,2026-01-24,4,Alpine,53,2597,4.4,494,1182,106380
231,Beryl,Oberhasli,5,3,138,38,151,Expert,4,7,Alert,2026-01-28,0,Alpine,46,1794,4.7,428,906,81540
232,Zircon,Oberhasli,6,3,148,41,195,Expert,5,6,Mature,2026-01-26,2,Alpine,52,2496,4.5,490,1170,105300
233,Agate,Oberhasli,5,3,143,39,158,Expert,4,8,Alert,2026-01-25,3,Alpine,48,2016,4.8,442,948,85320
234,Moonstone,Oberhasli,6,3,146,40,190,Expert,5,7,Mature,2026-01-27,1,Alpine,51,2397,4.6,485,1140,102600
235,Sunstone,Oberhasli,5,3,141,39,155,Expert,4,7,Alert,2026-01-24,4,Alpine,47,1927,4.4,435,930,83700
236,Bloodstone,Oberhasli,6,3,150,42,200,Expert,5,6,Mature,2026-01-28,0,Alpine,54,2646,4.7,500,1200,108000
237,Lapis,Oberhasli,5,3,139,38,152,Expert,4,7,Alert,2026-01-26,2,Alpine,46,1840,4.5,430,912,82080
238,Malachite,Oberhasli,6,3,147,41,192,Expert,5,6,Mature,2026-01-25,3,Alpine,51,2397,4.8,488,1152,103680
239,Azurite,Oberhasli,5,3,144,40,159,Expert,4,8,Alert,2026-01-27,1,Alpine,49,2009,4.6,444,954,85860
240,Obsidian,Oberhasli,6,3,149,41,198,Expert,5,7,Mature,2026-01-24,4,Alpine,53,2597,4.4,495,1188,106920
241,Copper,Toggenburg,3,2,145,40,85,Advanced,2,8,Calm,2026-01-28,0,Mountain,38,1406,4.6,390,425,31875
242,Bronze,Toggenburg,4,2,158,44,120,Advanced,3,8,Methodical,2026-01-26,2,Mountain,44,1760,4.5,430,600,45000
243,Silver,Toggenburg,3,2,148,41,88,Advanced,2,9,Calm,2026-01-25,3,Mountain,39,1443,4.8,398,440,33000
244,Gold,Toggenburg,4,2,162,45,125,Advanced,3,9,Methodical,2026-01-27,1,Mountain,45,1845,4.6,438,625,46875
245,Platinum,Toggenburg,3,2,142,39,82,Advanced,2,8,Calm,2026-01-24,4,Mountain,37,1332,4.4,385,410,30750
246,Titanium,Toggenburg,4,2,155,43,118,Advanced,3,8,Methodical,2026-01-28,0,Mountain,43,1677,4.7,425,590,44250
247,Steel,Toggenburg,3,2,146,40,86,Advanced,2,8,Calm,2026-01-26,2,Mountain,38,1406,4.5,392,430,32250
248,Iron,Toggenburg,4,2,160,44,122,Advanced,3,8,Methodical,2026-01-25,3,Mountain,44,1760,4.8,432,610,45750
249,Nickel,Toggenburg,3,2,150,41,90,Advanced,2,9,Calm,2026-01-27,1,Mountain,40,1480,4.6,402,450,33750
250,Zinc,Toggenburg,4,2,164,46,128,Advanced,3,9,Methodical,2026-01-24,4,Mountain,46,1886,4.4,442,640,48000
251,Tin,Toggenburg,3,2,143,39,83,Advanced,2,8,Calm,2026-01-28,0,Mountain,37,1332,4.7,388,415,31125
252,Lead,Toggenburg,4,2,156,43,119,Advanced,3,8,Methodical,2026-01-26,2,Mountain,43,1677,4.5,428,595,44625
253,Mercury,Toggenburg,3,2,147,40,87,Advanced,2,8,Calm,2026-01-25,3,Mountain,39,1443,4.8,395,435,32625
254,Cobalt,Toggenburg,4,2,161,45,123,Advanced,3,8,Methodical,2026-01-27,1,Mountain,45,1800,4.6,435,615,46125
255,Chrome,Toggenburg,3,2,144,40,84,Advanced,2,9,Calm,2026-01-24,4,Mountain,38,1368,4.4,390,420,31500
256,Brass,Toggenburg,4,2,158,44,121,Advanced,3,9,Methodical,2026-01-28,0,Mountain,44,1760,4.7,430,605,45375
257,Pewter,Toggenburg,3,2,149,41,89,Advanced,2,8,Calm,2026-01-26,2,Mountain,40,1440,4.5,400,445,33375
258,Aluminum,Toggenburg,4,2,163,45,126,Advanced,3,8,Methodical,2026-01-25,3,Mountain,45,1845,4.8,440,630,47250
259,Magnesium,Toggenburg,3,2,141,39,81,Advanced,2,8,Calm,2026-01-27,1,Mountain,36,1296,4.6,382,405,30375
260,Calcium,Toggenburg,4,2,154,43,117,Advanced,3,8,Methodical,2026-01-24,4,Mountain,42,1638,4.4,422,585,43875
261,Sodium,Toggenburg,3,2,148,41,88,Advanced,2,9,Calm,2026-01-28,0,Mountain,39,1443,4.7,398,440,33000
262,Potassium,Toggenburg,4,2,162,45,124,Advanced,3,9,Methodical,2026-01-26,2,Mountain,45,1800,4.5,438,620,46500
263,Lithium,Toggenburg,3,2,145,40,85,Advanced,2,8,Calm,2026-01-25,3,Mountain,38,1406,4.8,392,425,31875
264,Beryllium,Toggenburg,4,2,159,44,121,Advanced,3,8,Methodical,2026-01-27,1,Mountain,44,1760,4.6,432,605,45375
265,Radium,Toggenburg,3,2,143,39,83,Advanced,2,8,Calm,2026-01-24,4,Mountain,37,1332,4.4,388,415,31125
266,Uranium,Toggenburg,4,2,157,43,120,Advanced,3,8,Methodical,2026-01-28,0,Mountain,43,1720,4.7,428,600,45000
267,Plutonium,Toggenburg,3,2,150,41,90,Advanced,2,9,Calm,2026-01-26,2,Mountain,40,1480,4.5,402,450,33750
268,Thorium,Toggenburg,4,2,165,46,129,Advanced,3,9,Methodical,2026-01-25,3,Mountain,46,1932,4.8,445,645,48375
269,Radon,Toggenburg,3,2,144,40,84,Advanced,2,8,Calm,2026-01-27,1,Mountain,38,1368,4.6,390,420,31500
270,Xenon,Toggenburg,4,2,160,44,122,Advanced,3,8,Methodical,2026-01-24,4,Mountain,44,1760,4.4,432,610,45750
271,Blizzard,Angora,5,3,128,35,155,Expert,4,7,Hardy,2026-01-28,0,Alpine,46,1886,4.6,420,930,83700
272,Avalanche,Angora,6,3,138,38,192,Expert,5,6,Cold-tolerant,2026-01-26,2,Alpine,52,2444,4.5,470,1152,103680
273,Glacier,Angora,5,3,125,34,150,Expert,4,7,Hardy,2026-01-25,3,Alpine,45,1800,4.8,415,900,81000
274,Iceberg,Angora,6,3,135,37,188,Expert,5,6,Cold-tolerant,2026-01-27,1,Alpine,50,2350,4.6,465,1128,101520
275,Frost,Angora,5,3,130,36,158,Expert,4,8,Hardy,2026-01-24,4,Alpine,47,1974,4.4,425,948,85320
276,Winter,Angora,6,3,140,39,195,Expert,5,7,Cold-tolerant,2026-01-28,0,Alpine,53,2544,4.7,475,1170,105300
277,Snow,Angora,5,3,126,35,152,Expert,4,7,Hardy,2026-01-26,2,Alpine,45,1845,4.5,418,912,82080
278,Sleet,Angora,6,3,136,37,189,Expert,5,6,Cold-tolerant,2026-01-25,3,Alpine,50,2350,4.8,468,1134,102060
279,Hail,Angora,5,3,129,35,156,Expert,4,7,Hardy,2026-01-27,1,Alpine,46,1932,4.6,422,936,84240
280,Icicle,Angora,6,3,139,38,193,Expert,5,6,Cold-tolerant,2026-01-24,4,Alpine,52,2496,4.4,472,1158,104220
281,Tundra,Angora,5,3,127,35,153,Expert,4,8,Hardy,2026-01-28,0,Alpine,46,1886,4.7,420,918,82620
282,Arctic,Angora,6,3,137,38,190,Expert,5,7,Cold-tolerant,2026-01-26,2,Alpine,51,2397,4.5,470,1140,102600
283,Polar,Angora,5,3,131,36,159,Expert,4,7,Hardy,2026-01-25,3,Alpine,47,1974,4.8,428,954,85860
284,Boreal,Angora,6,3,141,39,196,Expert,5,6,Cold-tolerant,2026-01-27,1,Alpine,53,2544,4.6,478,1176,105840
285,Alpine2,Angora,5,3,124,34,148,Expert,4,7,Hardy,2026-01-24,4,Alpine,44,1760,4.4,412,888,79920
286,Summit2,Angora,6,3,134,37,186,Expert,5,6,Cold-tolerant,2026-01-28,0,Alpine,49,2254,4.7,462,1116,100440
287,Everest,Angora,5,3,132,36,160,Expert,4,8,Hardy,2026-01-26,2,Alpine,48,2016,4.5,430,960,86400
288,Kilimanjaro,Angora,6,3,142,39,198,Expert,5,7,Cold-tolerant,2026-01-25,3,Alpine,54,2646,4.9,480,1188,106920
289,Denali,Angora,5,3,128,35,155,Expert,4,7,Hardy,2026-01-27,1,Alpine,46,1886,4.6,420,930,83700
290,Rainier,Angora,6,3,138,38,192,Expert,5,6,Cold-tolerant,2026-01-24,4,Alpine,52,2444,4.4,470,1152,103680
291,Shasta,Angora,5,3,125,34,150,Expert,4,7,Hardy,2026-01-28,0,Alpine,45,1800,4.7,415,900,81000
292,Hood,Angora,6,3,135,37,188,Expert,5,6,Cold-tolerant,2026-01-26,2,Alpine,50,2350,4.5,465,1128,101520
293,Whitney,Angora,5,3,130,36,157,Expert,4,8,Hardy,2026-01-25,3,Alpine,47,1927,4.8,425,942,84780
294,Elbert,Angora,6,3,140,39,194,Expert,5,7,Cold-tolerant,2026-01-27,1,Alpine,53,2491,4.6,475,1164,104760
295,Massive,Angora,5,3,133,37,162,Expert,4,7,Hardy,2026-01-24,4,Alpine,48,2064,4.4,432,972,87480
296,Harvard,Angora,6,3,143,40,200,Expert,5,6,Cold-tolerant,2026-01-28,0,Alpine,55,2750,4.7,485,1200,108000
297,Yale,Angora,5,3,126,35,151,Expert,4,7,Hardy,2026-01-26,2,Alpine,45,1845,4.5,418,906,81540
298,Princeton,Angora,6,3,136,37,189,Expert,5,6,Cold-tolerant,2026-01-25,3,Alpine,50,2350,4.8,468,1134,102060
299,Columbia,Angora,5,3,129,35,156,Expert,4,8,Hardy,2026-01-27,1,Alpine,46,1932,4.6,422,936,84240
300,Oxford,Angora,6,3,139,38,193,Expert,5,7,Cold-tolerant,2026-01-24,4,Alpine,52,2496,4.4,472,1158,104220
301,Sunny,Alpine,2,1,140,37,42,Intermediate,1,9,Friendly,2026-01-28,0,Valley,27,810,4.7,315,168,8400
302,Bright,Alpine,3,1,152,41,84,Advanced,2,8,Calm,2026-01-26,2,Valley,34,1156,4.5,368,336,16800
303,Cheerful,Alpine,2,1,138,36,40,Intermediate,1,10,Friendly,2026-01-25,3,Valley,26,780,4.8,310,160,8000
304,Happy,Alpine,3,1,154,42,88,Advanced,2,9,Calm,2026-01-27,1,Valley,35,1225,4.6,375,352,17600
305,Joyful,Alpine,2,1,142,38,44,Intermediate,1,9,Friendly,2026-01-24,4,Valley,28,812,4.4,320,176,8800
306,Merry,Alpine,3,1,150,40,80,Advanced,2,8,Calm,2026-01-28,0,Valley,33,1056,4.7,360,320,16000
307,Jolly,Alpine,2,1,136,36,38,Intermediate,1,9,Friendly,2026-01-26,2,Valley,25,750,4.5,305,152,7600
308,Gleeful,Alpine,3,1,156,42,90,Advanced,2,8,Calm,2026-01-25,3,Valley,36,1260,4.8,378,360,18000
309,Blissful,Alpine,2,1,144,39,46,Intermediate,1,10,Friendly,2026-01-27,1,Valley,29,841,4.6,325,184,9200
310,Delighted,Alpine,3,1,148,40,78,Advanced,2,9,Calm,2026-01-24,4,Valley,32,1024,4.4,355,312,15600
311,Pleased,Alpine,2,1,139,37,41,Intermediate,1,9,Friendly,2026-01-28,0,Valley,26,780,4.7,312,164,8200
312,Content,Alpine,3,1,153,41,86,Advanced,2,8,Calm,2026-01-26,2,Valley,35,1190,4.5,372,344,17200
313,Satisfied,Alpine,2,1,141,38,43,Intermediate,1,9,Friendly,2026-01-25,3,Valley,27,810,4.8,318,172,8600
314,Grateful,Alpine,3,1,155,42,89,Advanced,2,8,Calm,2026-01-27,1,Valley,35,1225,4.6,376,356,17800
315,Thankful,Alpine,2,1,137,36,39,Intermediate,1,10,Friendly,2026-01-24,4,Valley,25,750,4.4,308,156,7800
316,Blessed,Alpine,3,1,151,41,82,Advanced,2,9,Calm,2026-01-28,0,Valley,34,1088,4.7,365,328,16400
317,Lucky,Alpine,2,1,143,38,45,Intermediate,1,9,Friendly,2026-01-26,2,Valley,28,840,4.5,322,180,9000
318,Fortunate,Alpine,3,1,157,43,92,Advanced,2,8,Calm,2026-01-25,3,Valley,36,1296,4.8,380,368,18400
319,Charmed,Alpine,2,1,135,36,37,Intermediate,1,9,Friendly,2026-01-27,1,Valley,24,720,4.6,302,148,7400
320,Favored,Alpine,3,1,149,40,79,Advanced,2,8,Calm,2026-01-24,4,Valley,33,1023,4.4,358,316,15800
321,Chosen,Alpine,2,1,145,39,47,Intermediate,1,10,Friendly,2026-01-28,0,Valley,29,870,4.7,328,188,9400
322,Special,Alpine,3,1,154,42,87,Advanced,2,9,Calm,2026-01-26,2,Valley,35,1225,4.5,374,348,17400
323,Unique,Alpine,2,1,138,37,40,Intermediate,1,9,Friendly,2026-01-25,3,Valley,26,780,4.8,310,160,8000
324,Rare,Alpine,3,1,156,42,91,Advanced,2,8,Calm,2026-01-27,1,Valley,36,1296,4.6,378,364,18200
325,Precious,Alpine,2,1,142,38,44,Intermediate,1,9,Friendly,2026-01-24,4,Valley,28,812,4.4,320,176,8800
326,Treasure,Alpine,3,1,150,40,81,Advanced,2,8,Calm,2026-01-28,0,Valley,33,1089,4.7,362,324,16200
327,Jewel,Alpine,2,1,136,36,38,Intermediate,1,10,Friendly,2026-01-26,2,Valley,25,750,4.5,305,152,7600
328,Gem,Alpine,3,1,158,43,93,Advanced,2,9,Calm,2026-01-25,3,Valley,37,1332,4.8,382,372,18600
329,Prize,Alpine,2,1,144,39,46,Intermediate,1,9,Friendly,2026-01-27,1,Valley,29,841,4.6,325,184,9200
330,Trophy,Alpine,3,1,152,41,85,Advanced,2,8,Calm,2026-01-24,4,Valley,34,1156,4.4,370,340,17000
331,Medal,Alpine,2,1,139,37,41,Intermediate,1,9,Friendly,2026-01-28,0,Valley,26,780,4.7,312,164,8200
332,Award,Alpine,3,1,155,42,88,Advanced,2,8,Calm,2026-01-26,2,Valley,35,1225,4.5,376,352,17600
333,Honor,Alpine,2,1,141,38,43,Intermediate,1,10,Friendly,2026-01-25,3,Valley,27,810,4.8,318,172,8600
334,Glory,Alpine,3,1,153,41,86,Advanced,2,9,Calm,2026-01-27,1,Valley,35,1190,4.6,372,344,17200
335,Fame,Alpine,2,1,137,36,39,Intermediate,1,9,Friendly,2026-01-24,4,Valley,25,750,4.4,308,156,7800
336,Renown,Alpine,3,1,157,43,92,Advanced,2,8,Calm,2026-01-28,0,Valley,36,1296,4.7,380,368,18400
337,Prestige,Alpine,2,1,143,38,45,Intermediate,1,9,Friendly,2026-01-26,2,Valley,28,840,4.5,322,180,9000
338,Distinction,Alpine,3,1,149,40,80,Advanced,2,8,Calm,2026-01-25,3,Valley,33,1056,4.8,358,320,16000
339,Excellence,Alpine,2,1,135,36,37,Intermediate,1,10,Friendly,2026-01-27,1,Valley,24,720,4.6,302,148,7400
340,Perfection,Alpine,3,1,151,41,83,Advanced,2,9,Calm,2026-01-24,4,Valley,34,1088,4.4,365,332,16600
341,Ideal,Alpine,2,1,145,39,47,Intermediate,1,9,Friendly,2026-01-28,0,Valley,29,870,4.7,328,188,9400
342,Model,Alpine,3,1,154,42,87,Advanced,2,8,Calm,2026-01-26,2,Valley,35,1225,4.5,374,348,17400
343,Example,Alpine,2,1,138,37,40,Intermediate,1,9,Friendly,2026-01-25,3,Valley,26,780,4.8,310,160,8000
344,Standard,Alpine,3,1,156,42,90,Advanced,2,8,Calm,2026-01-27,1,Valley,36,1260,4.6,378,360,18000
345,Benchmark,Alpine,2,1,142,38,44,Intermediate,1,10,Friendly,2026-01-24,4,Valley,28,812,4.4,320,176,8800
346,Criterion,Alpine,3,1,150,40,81,Advanced,2,9,Calm,2026-01-28,0,Valley,33,1089,4.7,362,324,16200
347,Measure,Alpine,2,1,136,36,38,Intermediate,1,9,Friendly,2026-01-26,2,Valley,25,750,4.5,305,152,7600
348,Gauge,Alpine,3,1,158,43,94,Advanced,2,8,Calm,2026-01-25,3,Valley,37,1369,4.8,384,376,18800
349,Scale,Alpine,2,1,144,39,46,Intermediate,1,9,Friendly,2026-01-27,1,Valley,29,841,4.6,325,184,9200
350,Level,Alpine,3,1,152,41,85,Advanced,2,8,Calm,2026-01-24,4,Valley,34,1156,4.4,370,340,17000
351,Grade,Alpine,4,2,160,44,118,Advanced,3,8,Hardy,2026-01-28,0,Mountain,41,1558,4.7,408,590,44250
352,Rank,Alpine,5,3,166,47,165,Expert,4,7,Adaptable,2026-01-26,2,Alpine,50,2250,4.5,488,990,89100
353,Status,Alpine,4,2,158,43,115,Advanced,3,9,Hardy,2026-01-25,3,Mountain,40,1520,4.8,402,575,43125
354,Position,Alpine,5,3,168,48,170,Expert,4,8,Adaptable,2026-01-27,1,Alpine,51,2244,4.6,495,1020,91800
355,Standing,Alpine,4,2,162,45,120,Advanced,3,8,Hardy,2026-01-24,4,Mountain,42,1680,4.4,415,600,45000
356,Place,Alpine,5,3,164,46,162,Expert,4,7,Adaptable,2026-01-28,0,Alpine,49,2156,4.7,482,972,87480
357,Spot,Alpine,4,2,156,43,112,Advanced,3,8,Hardy,2026-01-26,2,Mountain,39,1482,4.5,398,560,42000
358,Location,Alpine,5,3,170,49,175,Expert,4,7,Adaptable,2026-01-25,3,Alpine,52,2340,4.8,500,1050,94500
359,Site,Alpine,4,2,159,44,117,Advanced,3,9,Hardy,2026-01-27,1,Mountain,41,1558,4.6,405,585,43875
360,Point,Alpine,5,3,165,47,168,Expert,4,8,Adaptable,2026-01-24,4,Alpine,50,2200,4.4,485,1008,90720
361,Anchor,Nubian,4,3,218,59,138,Advanced,3,8,Strong,2026-01-28,0,Alpine,49,1960,4.7,525,828,74520
362,Foundation,Nubian,5,3,232,63,185,Expert,4,7,Vocal,2026-01-26,2,Alpine,57,2565,4.5,592,1110,99900
363,Cornerstone,Nubian,6,3,245,67,228,Expert,5,6,Energetic,2026-01-25,3,Alpine,63,3150,4.8,648,1368,123120
364,Pillar,Nubian,4,3,215,58,135,Advanced,3,9,Strong,2026-01-27,1,Alpine,48,1920,4.6,518,810,72900
365,Support,Nubian,5,3,228,62,180,Expert,4,8,Vocal,2026-01-24,4,Alpine,56,2464,4.4,578,1080,97200
366,Backbone,Nubian,6,3,242,66,225,Expert,5,7,Energetic,2026-01-28,0,Alpine,62,3100,4.7,638,1350,121500
367,Core,Nubian,4,3,220,60,140,Advanced,3,8,Strong,2026-01-26,2,Alpine,49,2009,4.5,528,840,75600
368,Heart,Nubian,5,3,235,64,188,Expert,4,7,Vocal,2026-01-25,3,Alpine,58,2668,4.8,598,1128,101520
369,Soul,Nubian,6,3,248,68,232,Expert,5,6,Energetic,2026-01-27,1,Alpine,64,3264,4.6,655,1392,125280
370,Spirit2,Nubian,4,3,212,57,132,Advanced,3,8,Strong,2026-01-24,4,Alpine,47,1880,4.4,512,792,71280
371,Essence,Nubian,5,3,230,62,182,Expert,4,8,Vocal,2026-01-28,0,Alpine,56,2520,4.7,582,1092,98280
372,Nature,Nubian,6,3,244,66,226,Expert,5,7,Energetic,2026-01-26,2,Alpine,62,3100,4.5,642,1356,122040
373,Character,Nubian,4,3,222,60,142,Advanced,3,9,Strong,2026-01-25,3,Alpine,50,2050,4.8,532,852,76680
374,Personality,Nubian,5,3,226,61,178,Expert,4,7,Vocal,2026-01-27,1,Alpine,55,2420,4.6,575,1068,96120
375,Identity,Nubian,6,3,240,65,220,Expert,5,6,Energetic,2026-01-24,4,Alpine,61,3050,4.4,635,1320,118800
376,Self,Nubian,4,3,216,58,136,Advanced,3,8,Strong,2026-01-28,0,Alpine,48,1920,4.7,520,816,73440
377,Being,Nubian,5,3,234,64,186,Expert,4,7,Vocal,2026-01-26,2,Alpine,57,2622,4.5,595,1116,100440
378,Entity,Nubian,6,3,246,67,230,Expert,5,6,Energetic,2026-01-25,3,Alpine,63,3213,4.8,652,1380,124200
379,Existence,Nubian,4,3,210,56,130,Advanced,3,8,Strong,2026-01-27,1,Alpine,46,1840,4.6,505,780,70200
380,Reality,Nubian,5,3,229,62,183,Expert,4,8,Vocal,2026-01-24,4,Alpine,56,2520,4.4,585,1098,98820
381,Truth,Nubian,6,3,243,66,227,Expert,5,7,Energetic,2026-01-28,0,Alpine,62,3162,4.7,645,1362,122580
382,Fact,Nubian,4,3,219,59,139,Advanced,3,9,Strong,2026-01-26,2,Alpine,49,1960,4.5,525,834,75060
383,Certainty,Nubian,5,3,231,63,184,Expert,4,7,Vocal,2026-01-25,3,Alpine,57,2565,4.8,590,1104,99360
384,Absolute,Nubian,6,3,247,67,233,Expert,5,6,Energetic,2026-01-27,1,Alpine,64,3328,4.6,658,1398,125820
385,Ultimate,Nubian,4,3,214,58,134,Advanced,3,8,Strong,2026-01-24,4,Alpine,47,1927,4.4,515,804,72360
386,Supreme,Nubian,5,3,233,63,187,Expert,4,7,Vocal,2026-01-28,0,Alpine,57,2622,4.7,595,1122,100980
387,Paramount,Nubian,6,3,241,65,222,Expert,5,6,Energetic,2026-01-26,2,Alpine,61,3111,4.5,638,1332,119880
388,Prime,Nubian,4,3,221,60,141,Advanced,3,8,Strong,2026-01-25,3,Alpine,50,2000,4.8,530,846,76140
389,Principal,Nubian,5,3,227,61,179,Expert,4,8,Vocal,2026-01-27,1,Alpine,55,2475,4.6,578,1074,96660
390,Primary,Nubian,6,3,239,65,218,Expert,5,7,Energetic,2026-01-24,4,Alpine,60,2940,4.4,632,1308,117720
391,First,Nubian,4,3,217,59,137,Advanced,3,9,Strong,2026-01-28,0,Alpine,48,1968,4.7,522,822,73980
392,Foremost,Nubian,5,3,236,64,190,Expert,4,7,Vocal,2026-01-26,2,Alpine,58,2726,4.5,600,1140,102600
393,Leading,Nubian,6,3,250,68,235,Expert,5,6,Energetic,2026-01-25,3,Alpine,65,3380,4.8,665,1410,126900
394,Top,Nubian,4,3,213,57,133,Advanced,3,8,Strong,2026-01-27,1,Alpine,47,1880,4.6,510,798,71820
395,Peak2,Nubian,5,3,230,62,181,Expert,4,7,Vocal,2026-01-24,4,Alpine,56,2464,4.4,582,1086,97740
396,Apex,Nubian,6,3,244,66,228,Expert,5,6,Energetic,2026-01-28,0,Alpine,63,3150,4.7,648,1368,123120
397,Zenith,Nubian,4,3,220,60,140,Advanced,3,8,Strong,2026-01-26,2,Alpine,49,2009,4.5,528,840,75600
398,Pinnacle,Nubian,5,3,234,64,188,Expert,4,8,Vocal,2026-01-25,3,Alpine,58,2668,4.8,598,1128,101520
399,Acme,Nubian,6,3,248,68,232,Expert,5,7,Energetic,2026-01-27,1,Alpine,64,3264,4.6,655,1392,125280
400,Crown,Nubian,4,3,211,57,131,Advanced,3,9,Strong,2026-01-24,4,Alpine,46,1840,4.4,508,786,70740
401,Skippy,Saanen,1,1,150,39,20,Beginner,0,10,Docile,2026-01-28,0,Valley,23,345,4.7,285,80,4000
402,Hoppy,Saanen,2,1,164,43,56,Intermediate,1,9,Calm,2026-01-26,2,Valley,29,899,4.5,328,224,11200
403,Jumpy,Saanen,1,1,148,38,18,Beginner,0,10,Docile,2026-01-25,3,Valley,22,330,4.8,280,72,3600
404,Bouncy,Saanen,2,1,166,43,58,Intermediate,1,9,Calm,2026-01-27,1,Valley,29,928,4.6,332,232,11600
405,Springy,Saanen,1,1,152,39,22,Intermediate,0,10,Docile,2026-01-24,4,Valley,24,384,4.4,290,88,4400
406,Leapy,Saanen,2,1,162,42,54,Intermediate,1,9,Calm,2026-01-28,0,Valley,28,868,4.7,325,216,10800
407,Skippy2,Saanen,1,1,146,38,16,Beginner,0,10,Docile,2026-01-26,2,Valley,21,294,4.5,275,64,3200
408,Hopper,Saanen,2,1,168,44,60,Intermediate,1,10,Calm,2026-01-25,3,Valley,30,960,4.8,335,240,12000
409,Jumper,Saanen,1,1,154,40,24,Intermediate,0,10,Docile,2026-01-27,1,Valley,24,408,4.6,295,96,4800
410,Bouncer,Saanen,2,1,160,41,50,Intermediate,1,9,Calm,2026-01-24,4,Valley,27,810,4.4,318,200,10000
411,Springer,Saanen,1,1,149,38,19,Beginner,0,10,Docile,2026-01-28,0,Valley,22,352,4.7,282,76,3800
412,Leaper,Saanen,2,1,165,43,57,Intermediate,1,9,Calm,2026-01-26,2,Valley,29,899,4.5,330,228,11400
413,Vaulter,Saanen,1,1,151,39,21,Intermediate,0,10,Docile,2026-01-25,3,Valley,23,368,4.8,288,84,4200
414,Hurdler,Saanen,2,1,167,44,59,Intermediate,1,9,Calm,2026-01-27,1,Valley,30,930,4.6,333,236,11800
415,Skipper,Saanen,1,1,147,38,17,Beginner,0,10,Docile,2026-01-24,4,Valley,21,315,4.4,278,68,3400
416,Dancer,Saanen,2,1,163,42,55,Intermediate,1,10,Calm,2026-01-28,0,Valley,28,868,4.7,326,220,11000
417,Prancer,Saanen,1,1,153,40,23,Intermediate,0,10,Docile,2026-01-26,2,Valley,24,384,4.5,292,92,4600
418,Caper,Saanen,2,1,161,42,52,Intermediate,1,9,Calm,2026-01-25,3,Valley,28,840,4.8,322,208,10400
419,Frolic,Saanen,1,1,148,38,18,Beginner,0,10,Docile,2026-01-27,1,Valley,22,330,4.6,280,72,3600
420,Gambol,Saanen,2,1,166,43,58,Intermediate,1,9,Calm,2026-01-24,4,Valley,29,928,4.4,332,232,11600
421,Romp,Saanen,1,1,150,39,20,Beginner,0,10,Docile,2026-01-28,0,Valley,23,345,4.7,285,80,4000
422,Play,Saanen,2,1,164,43,56,Intermediate,1,9,Calm,2026-01-26,2,Valley,29,899,4.5,328,224,11200
423,Sport,Saanen,1,1,152,39,22,Intermediate,0,10,Docile,2026-01-25,3,Valley,24,384,4.8,290,88,4400
424,Fun,Saanen,2,1,162,42,54,Intermediate,1,10,Calm,2026-01-27,1,Valley,28,868,4.6,325,216,10800
425,Joy,Saanen,1,1,146,38,16,Beginner,0,10,Docile,2026-01-24,4,Valley,21,294,4.4,275,64,3200
426,Glee,Saanen,2,1,168,44,60,Intermediate,1,9,Calm,2026-01-28,0,Valley,30,960,4.7,335,240,12000
427,Mirth,Saanen,1,1,154,40,24,Intermediate,0,10,Docile,2026-01-26,2,Valley,24,408,4.5,295,96,4800
428,Cheer,Saanen,2,1,160,41,50,Intermediate,1,9,Calm,2026-01-25,3,Valley,27,810,4.8,318,200,10000
429,Delight,Saanen,1,1,149,38,19,Beginner,0,10,Docile,2026-01-27,1,Valley,22,352,4.6,282,76,3800
430,Pleasure,Saanen,2,1,165,43,57,Intermediate,1,9,Calm,2026-01-24,4,Valley,29,899,4.4,330,228,11400
431,Happiness,Saanen,1,1,151,39,21,Intermediate,0,10,Docile,2026-01-28,0,Valley,23,368,4.7,288,84,4200
432,Bliss,Saanen,2,1,167,44,59,Intermediate,1,10,Calm,2026-01-26,2,Valley,30,930,4.5,333,236,11800
433,Ecstasy,Saanen,1,1,147,38,17,Beginner,0,10,Docile,2026-01-25,3,Valley,21,315,4.8,278,68,3400
434,Rapture,Saanen,2,1,163,42,55,Intermediate,1,9,Calm,2026-01-27,1,Valley,28,868,4.6,326,220,11000
435,Euphoria,Saanen,1,1,153,40,23,Intermediate,0,10,Docile,2026-01-24,4,Valley,24,384,4.4,292,92,4600
436,Elation,Saanen,2,1,161,42,52,Intermediate,1,9,Calm,2026-01-28,0,Valley,28,840,4.7,322,208,10400
437,Jubilation,Saanen,1,1,148,38,18,Beginner,0,10,Docile,2026-01-26,2,Valley,22,330,4.5,280,72,3600
438,Exultation,Saanen,2,1,166,43,58,Intermediate,1,9,Calm,2026-01-25,3,Valley,29,928,4.8,332,232,11600
439,Triumph,Saanen,1,1,150,39,20,Beginner,0,10,Docile,2026-01-27,1,Valley,23,345,4.6,285,80,4000
440,Victory2,Saanen,2,1,164,43,56,Intermediate,1,10,Calm,2026-01-24,4,Valley,29,899,4.4,328,224,11200
441,Success,Saanen,1,1,152,39,22,Intermediate,0,10,Docile,2026-01-28,0,Valley,24,384,4.7,290,88,4400
442,Achievement,Saanen,2,1,162,42,54,Intermediate,1,9,Calm,2026-01-26,2,Valley,28,868,4.5,325,216,10800
443,Accomplishment,Saanen,1,1,146,38,16,Beginner,0,10,Docile,2026-01-25,3,Valley,21,294,4.8,275,64,3200
444,Attainment,Saanen,2,1,168,44,60,Intermediate,1,9,Calm,2026-01-27,1,Valley,30,960,4.6,335,240,12000
445,Fulfillment,Saanen,1,1,154,40,24,Intermediate,0,10,Docile,2026-01-24,4,Valley,24,408,4.4,295,96,4800
446,Realization,Saanen,2,1,160,41,50,Intermediate,1,9,Calm,2026-01-28,0,Valley,27,810,4.7,318,200,10000
447,Completion,Saanen,1,1,149,38,19,Beginner,0,10,Docile,2026-01-26,2,Valley,22,352,4.5,282,76,3800
448,Conclusion,Saanen,2,1,165,43,57,Intermediate,1,10,Calm,2026-01-25,3,Valley,29,899,4.8,330,228,11400
449,Finale,Saanen,1,1,151,39,21,Intermediate,0,10,Docile,2026-01-27,1,Valley,23,368,4.6,288,84,4200
450,Ending,Saanen,2,1,167,44,59,Intermediate,1,9,Calm,2026-01-24,4,Valley,30,930,4.4,333,236,11800
451,Steady,Boer,3,2,228,62,96,Advanced,2,8,Steady,2026-01-28,0,Mountain,44,1760,4.7,488,480,36000
452,Stable,Boer,4,2,252,69,135,Advanced,3,8,Strong,2026-01-26,2,Mountain,51,2142,4.5,542,675,50625
453,Solid,Boer,3,2,224,61,93,Advanced,2,9,Steady,2026-01-25,3,Mountain,43,1677,4.8,480,465,34875
454,Firm,Boer,4,2,248,68,131,Advanced,3,9,Strong,2026-01-27,1,Mountain,50,2050,4.6,535,655,49125
455,Strong,Boer,3,2,232,64,100,Advanced,2,8,Steady,2026-01-24,4,Mountain,45,1845,4.4,495,500,37500
456,Sturdy,Boer,4,2,255,70,138,Advanced,3,8,Strong,2026-01-28,0,Mountain,52,2184,4.7,548,690,51750
457,Robust,Boer,3,2,220,60,90,Advanced,2,8,Steady,2026-01-26,2,Mountain,42,1638,4.5,472,450,33750
458,Hardy,Boer,4,2,250,68,133,Advanced,3,8,Strong,2026-01-25,3,Mountain,50,2100,4.8,538,665,49875
459,Tough,Boer,3,2,226,62,95,Advanced,2,9,Steady,2026-01-27,1,Mountain,44,1760,4.6,485,475,35625
460,Rugged,Boer,4,2,254,70,137,Advanced,3,9,Strong,2026-01-24,4,Mountain,52,2132,4.4,545,685,51375
461,Durable,Boer,3,2,222,61,92,Advanced,2,8,Steady,2026-01-28,0,Mountain,43,1677,4.7,478,460,34500
462,Lasting,Boer,4,2,246,67,129,Advanced,3,8,Strong,2026-01-26,2,Mountain,49,1960,4.5,530,645,48375
463,Enduring,Boer,3,2,230,63,98,Advanced,2,8,Steady,2026-01-25,3,Mountain,45,1800,4.8,492,490,36750
464,Permanent,Boer,4,2,251,69,134,Advanced,3,8,Strong,2026-01-27,1,Mountain,51,2091,4.6,540,670,50250
465,Eternal,Boer,3,2,218,60,88,Advanced,2,9,Steady,2026-01-24,4,Mountain,41,1599,4.4,468,440,33000
466,Everlasting,Boer,4,2,249,68,132,Advanced,3,9,Strong,2026-01-28,0,Mountain,50,2100,4.7,536,660,49500
467,Timeless,Boer,3,2,225,62,95,Advanced,2,8,Steady,2026-01-26,2,Mountain,44,1760,4.5,482,475,35625
468,Ageless,Boer,4,2,253,69,136,Advanced,3,8,Strong,2026-01-25,3,Mountain,51,2142,4.8,542,680,51000
469,Immortal,Boer,3,2,221,60,91,Advanced,2,8,Steady,2026-01-27,1,Mountain,42,1638,4.6,475,455,34125
470,Deathless,Boer,4,2,247,67,130,Advanced,3,8,Strong,2026-01-24,4,Mountain,49,1960,4.4,532,650,48750
471,Undying,Boer,3,2,229,63,97,Advanced,2,9,Steady,2026-01-28,0,Mountain,45,1755,4.7,490,485,36375
472,Imperishable,Boer,4,2,256,70,140,Advanced,3,9,Strong,2026-01-26,2,Mountain,53,2226,4.5,550,700,52500
473,Indestructible,Boer,3,2,223,61,93,Advanced,2,8,Steady,2026-01-25,3,Mountain,43,1677,4.8,478,465,34875
474,Unbreakable,Boer,4,2,250,68,133,Advanced,3,8,Strong,2026-01-27,1,Mountain,50,2100,4.6,538,665,49875
475,Invincible,Boer,3,2,227,62,96,Advanced,2,8,Steady,2026-01-24,4,Mountain,44,1760,4.4,485,480,36000
476,Unconquerable,Boer,4,2,254,70,137,Advanced,3,8,Strong,2026-01-28,0,Mountain,52,2132,4.7,545,685,51375
477,Unbeatable,Boer,3,2,219,60,89,Advanced,2,9,Steady,2026-01-26,2,Mountain,41,1599,4.5,470,445,33375
478,Invulnerable,Boer,4,2,248,68,131,Advanced,3,9,Strong,2026-01-25,3,Mountain,50,2050,4.8,535,655,49125
479,Impregnable,Boer,3,2,231,63,99,Advanced,2,8,Steady,2026-01-27,1,Mountain,45,1845,4.6,492,495,37125
480,Impenetrable,Boer,4,2,252,69,135,Advanced,3,8,Strong,2026-01-24,4,Mountain,51,2142,4.4,542,675,50625
481,Unassailable,Boer,3,2,224,61,93,Advanced,2,8,Steady,2026-01-28,0,Mountain,43,1677,4.7,480,465,34875
482,Inviolable,Boer,4,2,246,67,129,Advanced,3,8,Strong,2026-01-26,2,Mountain,49,1960,4.5,530,645,48375
483,Sacrosanct,Boer,3,2,228,62,96,Advanced,2,9,Steady,2026-01-25,3,Mountain,44,1760,4.8,488,480,36000
484,Sacred,Boer,4,2,251,69,134,Advanced,3,9,Strong,2026-01-27,1,Mountain,51,2091,4.6,540,670,50250
485,Holy,Boer,3,2,220,60,90,Advanced,2,8,Steady,2026-01-24,4,Mountain,42,1638,4.4,472,450,33750
486,Divine,Boer,4,2,255,70,138,Advanced,3,8,Strong,2026-01-28,0,Mountain,52,2184,4.7,548,690,51750
487,Blessed2,Boer,3,2,226,62,95,Advanced,2,8,Steady,2026-01-26,2,Mountain,44,1760,4.5,485,475,35625
488,Hallowed,Boer,4,2,249,68,132,Advanced,3,8,Strong,2026-01-25,3,Mountain,50,2100,4.8,536,660,49500
489,Consecrated,Boer,3,2,222,61,92,Advanced,2,9,Steady,2026-01-27,1,Mountain,43,1677,4.6,478,460,34500
490,Sanctified,Boer,4,2,253,69,136,Advanced,3,9,Strong,2026-01-24,4,Mountain,51,2142,4.4,542,680,51000
491,Venerable,Boer,3,2,230,63,98,Advanced,2,8,Steady,2026-01-28,0,Mountain,45,1800,4.7,492,490,36750
492,Revered,Boer,4,2,247,67,130,Advanced,3,8,Strong,2026-01-26,2,Mountain,49,1960,4.5,532,650,48750
493,Respected,Boer,3,2,218,60,88,Advanced,2,8,Steady,2026-01-25,3,Mountain,41,1599,4.8,468,440,33000
494,Esteemed,Boer,4,2,250,68,133,Advanced,3,8,Strong,2026-01-27,1,Mountain,50,2100,4.6,538,665,49875
495,Honored,Boer,3,2,225,62,95,Advanced,2,9,Steady,2026-01-24,4,Mountain,44,1760,4.4,482,475,35625
496,Valued,Boer,4,2,254,70,137,Advanced,3,9,Strong,2026-01-28,0,Mountain,52,2132,4.7,545,685,51375
497,Prized,Boer,3,2,221,60,91,Advanced,2,8,Steady,2026-01-26,2,Mountain,42,1638,4.5,475,455,34125
498,Cherished,Boer,4,2,248,68,131,Advanced,3,8,Strong,2026-01-25,3,Mountain,50,2050,4.8,535,655,49125
499,Beloved,Boer,3,2,229,63,97,Advanced,2,8,Steady,2026-01-27,1,Mountain,45,1755,4.6,490,485,36375
500,Dear,Boer,4,2,252,69,135,Advanced,3,8,Strong,2026-01-24,4,Mountain,51,2142,4.4,542,675,50625
